REGION,TECHNOLOGY,EMISSION,MODE_OF_OPERATION,YEAR,VALUE
GLOBAL,PWRCOABGDXX,CO2BGD,2,2023,41.49647062829538
GLOBAL,PWRCOABGDXX,CO2BGD,2,2024,41.49647062829537
GLOBAL,PWRCOABGDXX,CO2BGD,2,2025,51.13492588596734
GLOBAL,PWRCOABGDXX,CO2BGD,2,2026,51.134925885967334
GLOBAL,PWRCOABGDXX,CO2BGD,2,2027,51.134925885967334
GLOBAL,PWRCOABGDXX,CO2BGD,2,2028,51.13492588596733
GLOBAL,PWRCOABGDXX,CO2BGD,2,2029,49.94910381487192
GLOBAL,PWRCOABGDXX,CO2BGD,2,2030,51.37296652339155
GLOBAL,PWRCOABGDXX,CO2BGD,2,2031,51.968068116952324
GLOBAL,PWRCOABGDXX,CO2BGD,2,2032,52.56901119854806
GLOBAL,PWRCOABGDXX,CO2BGD,2,2033,53.171414652152535
GLOBAL,PWRCOABGDXX,CO2BGD,2,2034,53.77016717573539
GLOBAL,PWRCOABGDXX,CO2BGD,2,2035,54.35942728126122
GLOBAL,PWRCOABGDXX,CO2BGD,2,2036,54.93335348069527
GLOBAL,PWRCOABGDXX,CO2BGD,2,2037,55.48610428600263
GLOBAL,PWRCOABGDXX,CO2BGD,2,2038,56.00891746513083
GLOBAL,PWRCOABGDXX,CO2BGD,2,2039,56.49376097203188
GLOBAL,PWRCOABGDXX,CO2BGD,2,2040,56.93260276065767
GLOBAL,PWRCOABGDXX,CO2BGD,2,2041,57.31595041295156
GLOBAL,PWRCOABGDXX,CO2BGD,2,2042,57.26994869467631
GLOBAL,PWRCOABGDXX,CO2BGD,2,2043,57.62773983681717
GLOBAL,PWRCOABGDXX,CO2BGD,2,2044,58.21188864031243
GLOBAL,PWRCOABGDXX,CO2BGD,2,2045,58.7624488876067
GLOBAL,PWRCOABGDXX,CO2BGD,2,2046,57.57662681651133
GLOBAL,PWRCOABGDXX,CO2BGD,2,2047,56.39080474541592
GLOBAL,PWRCOABGDXX,CO2BGD,2,2048,55.2057128603249
GLOBAL,PWRCOABGDXX,CO2BGD,2,2049,54.019890789229486
GLOBAL,PWRCOABGDXX,CO2BGD,2,2050,52.834068718134105
GLOBAL,PWRCOAINDEA,CO2IND,2,2023,222.44087752249135
GLOBAL,PWRCOAINDEA,CO2IND,2,2024,259.46586532501277
GLOBAL,PWRCOAINDEA,CO2IND,2,2025,254.558248004276
GLOBAL,PWRCOAINDEA,CO2IND,2,2026,270.2206900000648
GLOBAL,PWRCOAINDEA,CO2IND,2,2027,289.4530938371598
GLOBAL,PWRCOAINDEA,CO2IND,2,2028,311.23836775057026
GLOBAL,PWRCOAINDEA,CO2IND,2,2029,336.92314116598607
GLOBAL,PWRCOAINDEA,CO2IND,2,2030,344.9679762365277
GLOBAL,PWRCOAINDEA,CO2IND,2,2031,357.56086400974846
GLOBAL,PWRCOAINDEA,CO2IND,2,2032,362.63715211814963
GLOBAL,PWRCOAINDEA,CO2IND,2,2033,366.1082378380031
GLOBAL,PWRCOAINDEA,CO2IND,2,2034,368.3776239620145
GLOBAL,PWRCOAINDEA,CO2IND,2,2035,420.38721192349425
GLOBAL,PWRCOAINDEA,CO2IND,2,2036,420.25098984921084
GLOBAL,PWRCOAINDEA,CO2IND,2,2037,421.52926834086645
GLOBAL,PWRCOAINDEA,CO2IND,2,2038,421.4475350962966
GLOBAL,PWRCOAINDEA,CO2IND,2,2039,420.00726278657356
GLOBAL,PWRCOAINDEA,CO2IND,2,2040,417.20697874062483
GLOBAL,PWRCOAINDEA,CO2IND,2,2041,414.1121604800085
GLOBAL,PWRCOAINDEA,CO2IND,2,2042,416.61643764021665
GLOBAL,PWRCOAINDEA,CO2IND,2,2043,423.75152899053097
GLOBAL,PWRCOAINDEA,CO2IND,2,2044,434.9276297660796
GLOBAL,PWRCOAINDEA,CO2IND,2,2045,449.1919217824149
GLOBAL,PWRCOAINDEA,CO2IND,2,2046,466.67252742291595
GLOBAL,PWRCOAINDEA,CO2IND,2,2047,482.18049016068363
GLOBAL,PWRCOAINDEA,CO2IND,2,2048,485.44392925919664
GLOBAL,PWRCOAINDEA,CO2IND,2,2049,477.66012630107804
GLOBAL,PWRCOAINDEA,CO2IND,2,2050,469.8763233429592
GLOBAL,PWRCOAINDNE,CO2IND,2,2023,5.79853591704864
GLOBAL,PWRCOAINDNE,CO2IND,2,2024,6.1379435527265525
GLOBAL,PWRCOAINDNE,CO2IND,2,2025,6.498999055828117
GLOBAL,PWRCOAINDNE,CO2IND,2,2026,4.925259677937621
GLOBAL,PWRCOAINDNE,CO2IND,2,2027,5.4892928301118635
GLOBAL,PWRCOAINDNE,CO2IND,2,2028,5.981352117890972
GLOBAL,PWRCOAINDNE,CO2IND,2,2029,5.792806130714914
GLOBAL,PWRCOAINDNE,CO2IND,2,2030,5.134448886385783
GLOBAL,PWRCOAINDNE,CO2IND,2,2031,7.0770235904234395
GLOBAL,PWRCOAINDNE,CO2IND,2,2032,6.9579788877118744
GLOBAL,PWRCOAINDNE,CO2IND,2,2033,8.441895157100545
GLOBAL,PWRCOAINDNE,CO2IND,2,2034,8.582606295354255
GLOBAL,PWRCOAINDNE,CO2IND,2,2035,6.546118159765042
GLOBAL,PWRCOAINDNE,CO2IND,2,2036,8.81918656076985
GLOBAL,PWRCOAINDNE,CO2IND,2,2037,8.989276947669945
GLOBAL,PWRCOAINDNE,CO2IND,2,2038,9.141585157757758
GLOBAL,PWRCOAINDNE,CO2IND,2,2039,9.275338052910993
GLOBAL,PWRCOAINDNE,CO2IND,2,2040,9.3905356331297
GLOBAL,PWRCOAINDNE,CO2IND,2,2041,9.48640476029157
GLOBAL,PWRCOAINDNE,CO2IND,2,2042,9.632527865401203
GLOBAL,PWRCOAINDNE,CO2IND,2,2043,9.781743522999928
GLOBAL,PWRCOAINDNE,CO2IND,2,2044,9.933278594965461
GLOBAL,PWRCOAINDNE,CO2IND,2,2045,10.1598080647915
GLOBAL,PWRCOAINDNE,CO2IND,2,2046,10.500761976713935
GLOBAL,PWRCOAINDNE,CO2IND,2,2047,10.955367192610565
GLOBAL,PWRCOAINDNE,CO2IND,2,2048,11.52130429811451
GLOBAL,PWRCOAINDNE,CO2IND,2,2049,12.197800155103518
GLOBAL,PWRCOAINDNE,CO2IND,2,2050,12.982535349210766
GLOBAL,PWRCOAINDNO,CO2IND,2,2023,325.54813782748937
GLOBAL,PWRCOAINDNO,CO2IND,2,2024,341.2032287838125
GLOBAL,PWRCOAINDNO,CO2IND,2,2025,340.80794023827605
GLOBAL,PWRCOAINDNO,CO2IND,2,2026,329.5389325147876
GLOBAL,PWRCOAINDNO,CO2IND,2,2027,336.910008348625
GLOBAL,PWRCOAINDNO,CO2IND,2,2028,359.4714384586498
GLOBAL,PWRCOAINDNO,CO2IND,2,2029,377.50363591583846
GLOBAL,PWRCOAINDNO,CO2IND,2,2030,385.26699857044
GLOBAL,PWRCOAINDNO,CO2IND,2,2031,406.08921953365524
GLOBAL,PWRCOAINDNO,CO2IND,2,2032,433.8263616840271
GLOBAL,PWRCOAINDNO,CO2IND,2,2033,457.1967040524762
GLOBAL,PWRCOAINDNO,CO2IND,2,2034,464.19856775968816
GLOBAL,PWRCOAINDNO,CO2IND,2,2035,470.4163298575301
GLOBAL,PWRCOAINDNO,CO2IND,2,2036,475.84999034600065
GLOBAL,PWRCOAINDNO,CO2IND,2,2037,482.61082092092124
GLOBAL,PWRCOAINDNO,CO2IND,2,2038,488.51910837977005
GLOBAL,PWRCOAINDNO,CO2IND,2,2039,493.57485272254746
GLOBAL,PWRCOAINDNO,CO2IND,2,2040,496.4315416978659
GLOBAL,PWRCOAINDNO,CO2IND,2,2041,499.73086867847434
GLOBAL,PWRCOAINDNO,CO2IND,2,2042,505.1451870020077
GLOBAL,PWRCOAINDNO,CO2IND,2,2043,517.5048303967845
GLOBAL,PWRCOAINDNO,CO2IND,2,2044,536.8827039460286
GLOBAL,PWRCOAINDNO,CO2IND,2,2045,563.0891056474726
GLOBAL,PWRCOAINDNO,CO2IND,2,2046,598.3297862333616
GLOBAL,PWRCOAINDNO,CO2IND,2,2047,641.9798449903445
GLOBAL,PWRCOAINDNO,CO2IND,2,2048,693.5438249242648
GLOBAL,PWRCOAINDNO,CO2IND,2,2049,752.5999180536096
GLOBAL,PWRCOAINDNO,CO2IND,2,2050,763.0151877913513
GLOBAL,PWRCOAINDSO,CO2IND,2,2023,192.4745448473463
GLOBAL,PWRCOAINDSO,CO2IND,2,2024,201.12654174205852
GLOBAL,PWRCOAINDSO,CO2IND,2,2025,183.12659599959522
GLOBAL,PWRCOAINDSO,CO2IND,2,2026,194.73639150768562
GLOBAL,PWRCOAINDSO,CO2IND,2,2027,205.82033817779663
GLOBAL,PWRCOAINDSO,CO2IND,2,2028,218.83111715633396
GLOBAL,PWRCOAINDSO,CO2IND,2,2029,229.30196886111776
GLOBAL,PWRCOAINDSO,CO2IND,2,2030,245.49548389709176
GLOBAL,PWRCOAINDSO,CO2IND,2,2031,264.9614531883288
GLOBAL,PWRCOAINDSO,CO2IND,2,2032,280.59150221911796
GLOBAL,PWRCOAINDSO,CO2IND,2,2033,304.52519988446096
GLOBAL,PWRCOAINDSO,CO2IND,2,2034,333.0304151036426
GLOBAL,PWRCOAINDSO,CO2IND,2,2035,324.7142363658884
GLOBAL,PWRCOAINDSO,CO2IND,2,2036,341.8686455822765
GLOBAL,PWRCOAINDSO,CO2IND,2,2037,369.58988652953354
GLOBAL,PWRCOAINDSO,CO2IND,2,2038,395.82672492380374
GLOBAL,PWRCOAINDSO,CO2IND,2,2039,462.52154498446805
GLOBAL,PWRCOAINDSO,CO2IND,2,2040,482.06838653315543
GLOBAL,PWRCOAINDSO,CO2IND,2,2041,485.8166110491412
GLOBAL,PWRCOAINDSO,CO2IND,2,2042,491.5794598994368
GLOBAL,PWRCOAINDSO,CO2IND,2,2043,503.02359386179626
GLOBAL,PWRCOAINDSO,CO2IND,2,2044,521.1492809623463
GLOBAL,PWRCOAINDSO,CO2IND,2,2045,545.8319511281508
GLOBAL,PWRCOAINDSO,CO2IND,2,2046,558.8154567177629
GLOBAL,PWRCOAINDSO,CO2IND,2,2047,547.5417244934802
GLOBAL,PWRCOAINDSO,CO2IND,2,2048,506.90352497397345
GLOBAL,PWRCOAINDSO,CO2IND,2,2049,459.7844646489156
GLOBAL,PWRCOAINDSO,CO2IND,2,2050,455.6898002908156
GLOBAL,PWRCOAINDWE,CO2IND,2,2023,355.0100833285328
GLOBAL,PWRCOAINDWE,CO2IND,2,2024,372.9491439956758
GLOBAL,PWRCOAINDWE,CO2IND,2,2025,394.08764994247093
GLOBAL,PWRCOAINDWE,CO2IND,2,2026,402.2687913833641
GLOBAL,PWRCOAINDWE,CO2IND,2,2027,420.2967391768745
GLOBAL,PWRCOAINDWE,CO2IND,2,2028,439.2911030793809
GLOBAL,PWRCOAINDWE,CO2IND,2,2029,479.7218235523743
GLOBAL,PWRCOAINDWE,CO2IND,2,2030,506.3365946519183
GLOBAL,PWRCOAINDWE,CO2IND,2,2031,528.0891444536743
GLOBAL,PWRCOAINDWE,CO2IND,2,2032,562.522544561936
GLOBAL,PWRCOAINDWE,CO2IND,2,2033,597.3457430725272
GLOBAL,PWRCOAINDWE,CO2IND,2,2034,640.7721225380703
GLOBAL,PWRCOAINDWE,CO2IND,2,2035,672.038816933857
GLOBAL,PWRCOAINDWE,CO2IND,2,2036,722.7983239807738
GLOBAL,PWRCOAINDWE,CO2IND,2,2037,765.2635414675286
GLOBAL,PWRCOAINDWE,CO2IND,2,2038,805.9391214927698
GLOBAL,PWRCOAINDWE,CO2IND,2,2039,804.1172383415828
GLOBAL,PWRCOAINDWE,CO2IND,2,2040,800.205657447776
GLOBAL,PWRCOAINDWE,CO2IND,2,2041,795.4288866377444
GLOBAL,PWRCOAINDWE,CO2IND,2,2042,804.1075672591151
GLOBAL,PWRCOAINDWE,CO2IND,2,2043,825.7269001527939
GLOBAL,PWRCOAINDWE,CO2IND,2,2044,859.9223599026617
GLOBAL,PWRCOAINDWE,CO2IND,2,2045,906.3078471393977
GLOBAL,PWRCOAINDWE,CO2IND,2,2046,969.1059052546407
GLOBAL,PWRCOAINDWE,CO2IND,2,2047,1030.7114512803598
GLOBAL,PWRCOAINDWE,CO2IND,2,2048,1012.4769972506629
GLOBAL,PWRCOAINDWE,CO2IND,2,2049,994.2432871503879
GLOBAL,PWRCOAINDWE,CO2IND,2,2050,976.0095770501125
GLOBAL,PWRCOALKAXX,CO2LKA,2,2023,5.95576053629725
GLOBAL,PWRCOALKAXX,CO2LKA,2,2024,5.955760536297248
GLOBAL,PWRCOALKAXX,CO2LKA,2,2025,5.955760536297249
GLOBAL,PWRCOALKAXX,CO2LKA,2,2026,5.955760536297249
GLOBAL,PWRCOALKAXX,CO2LKA,2,2027,4.179878309999818
GLOBAL,PWRCOALKAXX,CO2LKA,2,2028,3.5556532091198956
GLOBAL,PWRCOALKAXX,CO2LKA,2,2029,3.2770906073291224
GLOBAL,PWRCOALKAXX,CO2LKA,2,2030,2.8814184457247163
GLOBAL,PWRCOALKAXX,CO2LKA,2,2031,2.6515998018897378
GLOBAL,PWRCOALKAXX,CO2LKA,2,2032,2.6089371796223153
GLOBAL,PWRCOALKAXX,CO2LKA,2,2033,2.690082271719683
GLOBAL,PWRCOALKAXX,CO2LKA,2,2034,2.3618928911200254
GLOBAL,PWRCOALKAXX,CO2LKA,2,2035,2.4870079515963894
GLOBAL,PWRCOALKAXX,CO2LKA,2,2036,2.581898327856822
GLOBAL,PWRCOALKAXX,CO2LKA,2,2037,2.6108490987929183
GLOBAL,PWRCOALKAXX,CO2LKA,2,2038,2.858341809859481
GLOBAL,PWRCOALKAXX,CO2LKA,2,2039,3.15741654054186
GLOBAL,PWRCOALKAXX,CO2LKA,2,2040,3.639740648592601
GLOBAL,PWRCOALKAXX,CO2LKA,2,2041,4.46019177867528
GLOBAL,PWRCOALKAXX,CO2LKA,2,2042,4.905770900279745
GLOBAL,PWRCOALKAXX,CO2LKA,2,2043,5.361643928983865
GLOBAL,PWRCOALKAXX,CO2LKA,2,2044,5.191059182759158
GLOBAL,PWRCOALKAXX,CO2LKA,2,2045,5.021209715612911
GLOBAL,PWRCOALKAXX,CO2LKA,2,2046,4.850624969388133
GLOBAL,PWRCOALKAXX,CO2LKA,2,2047,4.241368856121832
GLOBAL,PWRCOALKAXX,CO2LKA,2,2048,3.487134559507213
GLOBAL,PWRCOALKAXX,CO2LKA,2,2049,3.3558124095491433
GLOBAL,PWRCOALKAXX,CO2LKA,2,2050,3.4654746571751174
GLOBAL,PWRNGSINDEA,CO2IND,2,2031,0.00814139533403468
GLOBAL,PWRNGSINDEA,CO2IND,2,2033,-7.493518978662905e-15
GLOBAL,PWRNGSINDEA,CO2IND,2,2035,-7.493518978662907e-15
GLOBAL,PWRNGSINDEA,CO2IND,2,2036,0.44218302252200453
GLOBAL,PWRNGSINDEA,CO2IND,2,2037,0.471678057890064
GLOBAL,PWRNGSINDEA,CO2IND,2,2038,0.9307461348480635
GLOBAL,PWRNGSINDEA,CO2IND,2,2039,1.1614600543893596
GLOBAL,PWRNGSINDEA,CO2IND,2,2040,1.2752160594022075
GLOBAL,PWRNGSINDEA,CO2IND,2,2041,2.313576570138211
GLOBAL,PWRNGSINDEA,CO2IND,2,2042,6.60168422073524
GLOBAL,PWRNGSINDEA,CO2IND,2,2043,9.438758775339801
GLOBAL,PWRNGSINDEA,CO2IND,2,2044,11.326885754370206
GLOBAL,PWRNGSINDEA,CO2IND,2,2045,14.045383362294547
GLOBAL,PWRNGSINDEA,CO2IND,2,2046,7.161318928197192
GLOBAL,PWRNGSINDEA,CO2IND,2,2047,8.199755579007785
GLOBAL,PWRNGSINDEA,CO2IND,2,2048,11.426785220127543
GLOBAL,PWRNGSINDEA,CO2IND,2,2049,15.70976531955191
GLOBAL,PWRNGSINDEA,CO2IND,2,2050,20.56100690968949
GLOBAL,PWRNGSINDNE,CO2IND,2,2023,0.10378788395712327
GLOBAL,PWRNGSINDNE,CO2IND,2,2024,0.16041688648901997
GLOBAL,PWRNGSINDNE,CO2IND,2,2025,0.16933658146430758
GLOBAL,PWRNGSINDNE,CO2IND,2,2026,0.15978747435887866
GLOBAL,PWRNGSINDNE,CO2IND,2,2027,0.1889478683916516
GLOBAL,PWRNGSINDNE,CO2IND,2,2028,0.19962225746043838
GLOBAL,PWRNGSINDNE,CO2IND,2,2029,0.20357892061244634
GLOBAL,PWRNGSINDNE,CO2IND,2,2030,0.20740656213993228
GLOBAL,PWRNGSINDNE,CO2IND,2,2031,0.2112342036674183
GLOBAL,PWRNGSINDNE,CO2IND,2,2032,0.2163262571152199
GLOBAL,PWRNGSINDNE,CO2IND,2,2033,0.2211258615474383
GLOBAL,PWRNGSINDNE,CO2IND,2,2034,0.6943533827715906
GLOBAL,PWRNGSINDNE,CO2IND,2,2035,0.8026251652163453
GLOBAL,PWRNGSINDNE,CO2IND,2,2036,1.0798680561753176
GLOBAL,PWRNGSINDNE,CO2IND,2,2037,1.327760039976125
GLOBAL,PWRNGSINDNE,CO2IND,2,2038,1.9358413732347777
GLOBAL,PWRNGSINDNE,CO2IND,2,2039,1.968461753214236
GLOBAL,PWRNGSINDNE,CO2IND,2,2040,2.360141892202258
GLOBAL,PWRNGSINDNE,CO2IND,2,2041,3.6795814847438764
GLOBAL,PWRNGSINDNE,CO2IND,2,2042,6.625356581298328
GLOBAL,PWRNGSINDNE,CO2IND,2,2043,7.135663593634415
GLOBAL,PWRNGSINDNE,CO2IND,2,2044,6.997769891800435
GLOBAL,PWRNGSINDNE,CO2IND,2,2045,7.23448334697889
GLOBAL,PWRNGSINDNE,CO2IND,2,2046,7.459464448170237
GLOBAL,PWRNGSINDNE,CO2IND,2,2047,4.31984904032182
GLOBAL,PWRNGSINDNE,CO2IND,2,2048,4.564251579002553
GLOBAL,PWRNGSINDNE,CO2IND,2,2049,4.855745405004077
GLOBAL,PWRNGSINDNE,CO2IND,2,2050,5.193709261237727
GLOBAL,PWRNGSINDNO,CO2IND,2,2030,7.716199235119349e-16
GLOBAL,PWRNGSINDNO,CO2IND,2,2032,1.1899338532241035
GLOBAL,PWRNGSINDNO,CO2IND,2,2033,2.799355075131567
GLOBAL,PWRNGSINDNO,CO2IND,2,2034,5.074817257515175
GLOBAL,PWRNGSINDNO,CO2IND,2,2035,5.1509470291843185
GLOBAL,PWRNGSINDNO,CO2IND,2,2036,5.217838831484256
GLOBAL,PWRNGSINDNO,CO2IND,2,2037,5.540605786294509
GLOBAL,PWRNGSINDNO,CO2IND,2,2038,6.585813745895855
GLOBAL,PWRNGSINDNO,CO2IND,2,2039,8.817330938072127
GLOBAL,PWRNGSINDNO,CO2IND,2,2040,11.769150201291009
GLOBAL,PWRNGSINDNO,CO2IND,2,2041,29.13333208204375
GLOBAL,PWRNGSINDNO,CO2IND,2,2042,37.195786384864
GLOBAL,PWRNGSINDNO,CO2IND,2,2043,38.18354445370017
GLOBAL,PWRNGSINDNO,CO2IND,2,2044,39.720263071495275
GLOBAL,PWRNGSINDNO,CO2IND,2,2045,41.79073454736594
GLOBAL,PWRNGSINDNO,CO2IND,2,2046,37.54416295559908
GLOBAL,PWRNGSINDNO,CO2IND,2,2047,16.0059434766306
GLOBAL,PWRNGSINDNO,CO2IND,2,2048,15.073269551194688
GLOBAL,PWRNGSINDNO,CO2IND,2,2049,11.706930989424873
GLOBAL,PWRNGSINDNO,CO2IND,2,2050,12.780019100255021
GLOBAL,PWRNGSINDSO,CO2IND,2,2034,0.5360813367678734
GLOBAL,PWRNGSINDSO,CO2IND,2,2035,1.4336378039483502
GLOBAL,PWRNGSINDSO,CO2IND,2,2036,3.6058943101394956
GLOBAL,PWRNGSINDSO,CO2IND,2,2037,4.6173294232561695
GLOBAL,PWRNGSINDSO,CO2IND,2,2038,9.638816502197965
GLOBAL,PWRNGSINDSO,CO2IND,2,2039,10.809389333632177
GLOBAL,PWRNGSINDSO,CO2IND,2,2040,12.24087417371693
GLOBAL,PWRNGSINDSO,CO2IND,2,2041,12.348494079706764
GLOBAL,PWRNGSINDSO,CO2IND,2,2042,12.547483360083376
GLOBAL,PWRNGSINDSO,CO2IND,2,2043,13.35716162698345
GLOBAL,PWRNGSINDSO,CO2IND,2,2044,13.883594914198172
GLOBAL,PWRNGSINDSO,CO2IND,2,2045,14.156812563175883
GLOBAL,PWRNGSINDSO,CO2IND,2,2046,14.883706656989212
GLOBAL,PWRNGSINDSO,CO2IND,2,2047,15.994362463735971
GLOBAL,PWRNGSINDSO,CO2IND,2,2048,17.305901104608903
GLOBAL,PWRNGSINDSO,CO2IND,2,2049,18.80787069973066
GLOBAL,PWRNGSINDSO,CO2IND,2,2050,20.491427350743486
GLOBAL,PWRNGSINDWE,CO2IND,2,2032,-1.2465318377508083e-15
GLOBAL,PWRNGSINDWE,CO2IND,2,2034,2.2349905228588693
GLOBAL,PWRNGSINDWE,CO2IND,2,2035,2.5221508599097673
GLOBAL,PWRNGSINDWE,CO2IND,2,2036,5.815769632069876
GLOBAL,PWRNGSINDWE,CO2IND,2,2037,8.655464066468019
GLOBAL,PWRNGSINDWE,CO2IND,2,2038,8.973441950879419
GLOBAL,PWRNGSINDWE,CO2IND,2,2039,12.38618741606904
GLOBAL,PWRNGSINDWE,CO2IND,2,2040,17.2211455519434
GLOBAL,PWRNGSINDWE,CO2IND,2,2041,18.336557659764008
GLOBAL,PWRNGSINDWE,CO2IND,2,2042,33.2537602536892
GLOBAL,PWRNGSINDWE,CO2IND,2,2043,44.241135076826865
GLOBAL,PWRNGSINDWE,CO2IND,2,2044,44.84481974283599
GLOBAL,PWRNGSINDWE,CO2IND,2,2045,32.26679256333599
GLOBAL,PWRNGSINDWE,CO2IND,2,2046,23.012977476831114
GLOBAL,PWRNGSINDWE,CO2IND,2,2047,24.09692694155303
GLOBAL,PWRNGSINDWE,CO2IND,2,2048,24.1668415951328
GLOBAL,PWRNGSINDWE,CO2IND,2,2049,26.195525160962838
GLOBAL,PWRNGSINDWE,CO2IND,2,2050,28.5393000759541
GLOBAL,PWRNGSLKAXX,CO2LKA,2,2023,0.03667962453300136
GLOBAL,PWRNGSLKAXX,CO2LKA,2,2024,0.03667962453300242
GLOBAL,PWRNGSLKAXX,CO2LKA,2,2025,0.5676916442465292
GLOBAL,PWRNGSLKAXX,CO2LKA,2,2026,0.613518803903014
GLOBAL,PWRNGSLKAXX,CO2LKA,2,2027,0.3590437691189891
GLOBAL,PWRNGSLKAXX,CO2LKA,2,2028,0.3870605115657194
GLOBAL,PWRNGSLKAXX,CO2LKA,2,2029,0.4718510644606837
GLOBAL,PWRNGSLKAXX,CO2LKA,2,2030,0.47866943631075537
GLOBAL,PWRNGSLKAXX,CO2LKA,2,2031,0.5079959607733562
GLOBAL,PWRNGSLKAXX,CO2LKA,2,2032,0.6058682322925374
GLOBAL,PWRNGSLKAXX,CO2LKA,2,2033,0.7548012597716716
GLOBAL,PWRNGSLKAXX,CO2LKA,2,2034,0.6505332347667849
GLOBAL,PWRNGSLKAXX,CO2LKA,2,2035,0.8234086049128618
GLOBAL,PWRNGSLKAXX,CO2LKA,2,2036,1.0392345805589749
GLOBAL,PWRNGSLKAXX,CO2LKA,2,2037,1.3086505589737174
GLOBAL,PWRNGSLKAXX,CO2LKA,2,2038,1.4664503753594766
GLOBAL,PWRNGSLKAXX,CO2LKA,2,2039,1.6147911471660052
GLOBAL,PWRNGSLKAXX,CO2LKA,2,2040,2.367692712001319
GLOBAL,PWRNGSLKAXX,CO2LKA,2,2041,2.9484575982710264
GLOBAL,PWRNGSLKAXX,CO2LKA,2,2042,3.2762302764270577
GLOBAL,PWRNGSLKAXX,CO2LKA,2,2043,3.390232683514557
GLOBAL,PWRNGSLKAXX,CO2LKA,2,2044,3.64432689146759
GLOBAL,PWRNGSLKAXX,CO2LKA,2,2045,3.6623031268783617
GLOBAL,PWRNGSLKAXX,CO2LKA,2,2046,3.5182218258395785
GLOBAL,PWRNGSLKAXX,CO2LKA,2,2047,3.5182218258395817
GLOBAL,PWRNGSLKAXX,CO2LKA,2,2048,3.5182218258395785
GLOBAL,PWRNGSLKAXX,CO2LKA,2,2049,3.5182218258395785
GLOBAL,PWRNGSLKAXX,CO2LKA,2,2050,3.5182218258395785
GLOBAL,PWROILBGDXX,CO2BGD,2,2037,-7.314303502425903e-16
GLOBAL,PWROILBGDXX,CO2BGD,2,2039,4.297931004046541
GLOBAL,PWROILBGDXX,CO2BGD,2,2040,8.415026145357295
GLOBAL,PWROILBGDXX,CO2BGD,2,2041,9.163503468383105
GLOBAL,PWROILBGDXX,CO2BGD,2,2042,10.422236131441464
GLOBAL,PWROILBGDXX,CO2BGD,2,2043,14.324744739751146
GLOBAL,PWROILBGDXX,CO2BGD,2,2044,15.758977199358442
GLOBAL,PWROILBGDXX,CO2BGD,2,2045,15.898591574415866
GLOBAL,PWROILBGDXX,CO2BGD,2,2046,13.525818521974823
GLOBAL,PWROILBGDXX,CO2BGD,2,2047,11.184784804594369
GLOBAL,PWROILBGDXX,CO2BGD,2,2048,10.842708506543428
GLOBAL,PWROILBGDXX,CO2BGD,2,2049,10.85077213648573
GLOBAL,PWROILBGDXX,CO2BGD,2,2050,11.06878926445769
GLOBAL,PWROILINDEA,CO2IND,2,2040,0.9502782496465174
GLOBAL,PWROILINDEA,CO2IND,2,2041,3.785420030868
GLOBAL,PWROILINDEA,CO2IND,2,2042,5.268237276221994
GLOBAL,PWROILINDEA,CO2IND,2,2043,6.34147303551485
GLOBAL,PWROILINDEA,CO2IND,2,2044,7.026137566860663
GLOBAL,PWROILINDEA,CO2IND,2,2045,7.756508599082057
GLOBAL,PWROILINDEA,CO2IND,2,2046,4.4196352652332065
GLOBAL,PWROILINDEA,CO2IND,2,2047,1.6032807273423302
GLOBAL,PWROILINDEA,CO2IND,2,2048,2.5554766706876992
GLOBAL,PWROILINDEA,CO2IND,2,2049,1.718208289874869
GLOBAL,PWROILINDEA,CO2IND,2,2050,5.4550311896163945
GLOBAL,PWROILINDNE,CO2IND,2,2037,9.91101077249131e-05
GLOBAL,PWROILINDNE,CO2IND,2,2038,0.15862820394960003
GLOBAL,PWROILINDNE,CO2IND,2,2039,0.18161159103692373
GLOBAL,PWROILINDNE,CO2IND,2,2040,0.18746969557680002
GLOBAL,PWROILINDNE,CO2IND,2,2041,0.2018904413904
GLOBAL,PWROILINDNE,CO2IND,2,2042,0.21631118720400003
GLOBAL,PWROILINDNE,CO2IND,2,2043,0.23073193301759998
GLOBAL,PWROILINDNE,CO2IND,2,2044,0.24515267883119995
GLOBAL,PWROILINDNE,CO2IND,2,2045,0.24515267883119995
GLOBAL,PWROILINDNE,CO2IND,2,2046,0.24515267883119995
GLOBAL,PWROILINDNE,CO2IND,2,2047,0.23164044000385664
GLOBAL,PWROILINDNE,CO2IND,2,2048,0.19271884705295006
GLOBAL,PWROILINDNE,CO2IND,2,2049,0.14626962478734468
GLOBAL,PWROILINDNE,CO2IND,2,2050,0.09240813917354866
GLOBAL,PWROILINDNO,CO2IND,2,2037,2.7125655710400003
GLOBAL,PWROILINDNO,CO2IND,2,2038,5.45740074828
GLOBAL,PWROILINDNO,CO2IND,2,2039,5.87720080584
GLOBAL,PWROILINDNO,CO2IND,2,2040,7.0990766839585335
GLOBAL,PWROILINDNO,CO2IND,2,2041,9.548651060645236
GLOBAL,PWROILINDNO,CO2IND,2,2042,14.786293307760003
GLOBAL,PWROILINDNO,CO2IND,2,2043,15.656075267040004
GLOBAL,PWROILINDNO,CO2IND,2,2044,16.525857226320007
GLOBAL,PWROILINDNO,CO2IND,2,2045,16.525857226320007
GLOBAL,PWROILINDNO,CO2IND,2,2046,16.159535441471615
GLOBAL,PWROILINDNO,CO2IND,2,2047,9.776835895320003
GLOBAL,PWROILINDNO,CO2IND,2,2048,9.776835895320003
GLOBAL,PWROILINDNO,CO2IND,2,2049,9.207656617893878
GLOBAL,PWROILINDNO,CO2IND,2,2050,9.346447202213634
GLOBAL,PWROILINDSO,CO2IND,2,2037,-2.864112184397527e-15
GLOBAL,PWROILINDSO,CO2IND,2,2038,0.715037642994798
GLOBAL,PWROILINDSO,CO2IND,2,2039,0.8369957227259994
GLOBAL,PWROILINDSO,CO2IND,2,2040,1.5782614807487134
GLOBAL,PWROILINDSO,CO2IND,2,2041,3.072596547500685
GLOBAL,PWROILINDSO,CO2IND,2,2042,3.2314938194405247
GLOBAL,PWROILINDSO,CO2IND,2,2043,3.8682823806300313
GLOBAL,PWROILINDSO,CO2IND,2,2044,4.183565584066961
GLOBAL,PWROILINDSO,CO2IND,2,2045,3.7277299997086444
GLOBAL,PWROILINDSO,CO2IND,2,2046,3.7277299997086444
GLOBAL,PWROILINDSO,CO2IND,2,2047,2.0191969427040855
GLOBAL,PWROILINDSO,CO2IND,2,2048,2.0191969427040855
GLOBAL,PWROILINDSO,CO2IND,2,2049,2.0191969427040855
GLOBAL,PWROILINDSO,CO2IND,2,2050,2.0191969427040855
GLOBAL,PWROILINDWE,CO2IND,2,2037,4.215880522906445e-15
GLOBAL,PWROILINDWE,CO2IND,2,2038,1.3352240929567885
GLOBAL,PWROILINDWE,CO2IND,2,2039,5.812831463680787
GLOBAL,PWROILINDWE,CO2IND,2,2040,6.2599723455023994
GLOBAL,PWROILINDWE,CO2IND,2,2041,6.974961100198438
GLOBAL,PWROILINDWE,CO2IND,2,2042,12.105675863151118
GLOBAL,PWROILINDWE,CO2IND,2,2043,13.86182170346024
GLOBAL,PWROILINDWE,CO2IND,2,2044,13.835684224764512
GLOBAL,PWROILINDWE,CO2IND,2,2045,11.123979046651826
GLOBAL,PWROILINDWE,CO2IND,2,2046,8.0485358727888
GLOBAL,PWROILINDWE,CO2IND,2,2047,8.0485358727888
GLOBAL,PWROILINDWE,CO2IND,2,2048,8.0485358727888
GLOBAL,PWROILINDWE,CO2IND,2,2049,8.0485358727888
GLOBAL,PWROILINDWE,CO2IND,2,2050,8.0485358727888
GLOBAL,PWROILLKAXX,CO2LKA,2,2023,0.5504418635272295
GLOBAL,PWROILLKAXX,CO2LKA,2,2024,1.0808400057050598
GLOBAL,PWROILLKAXX,CO2LKA,2,2025,0.38670141680788267
GLOBAL,PWROILLKAXX,CO2LKA,2,2026,0.04298349749584294
GLOBAL,PWROILLKAXX,CO2LKA,2,2033,0.018490793264446068
GLOBAL,PWROILLKAXX,CO2LKA,2,2038,0.010492418187428312
GLOBAL,PWROILLKAXX,CO2LKA,2,2039,0.18856869286749792
GLOBAL,PWROILLKAXX,CO2LKA,2,2040,0.602605543442823
GLOBAL,PWROILLKAXX,CO2LKA,2,2041,0.5553664314550226
GLOBAL,PWROILLKAXX,CO2LKA,2,2042,1.2400887329177401
GLOBAL,PWROILLKAXX,CO2LKA,2,2043,1.6466450156429273
GLOBAL,PWROILLKAXX,CO2LKA,2,2044,1.6466450156429273
GLOBAL,PWROILLKAXX,CO2LKA,2,2045,0.793305361165801
GLOBAL,PWROILLKAXX,CO2LKA,2,2046,0.6333259337545422
GLOBAL,PWROILLKAXX,CO2LKA,2,2047,1.3885021836570637
GLOBAL,PWROILLKAXX,CO2LKA,2,2048,1.5148900325021109
GLOBAL,PWROILLKAXX,CO2LKA,2,2049,1.6466450156429273
GLOBAL,PWROILLKAXX,CO2LKA,2,2050,1.6466450156429273
GLOBAL,PWRPETBGDXX,CO2BGD,2,2040,1.5545828091489966e-15
GLOBAL,PWRPETBGDXX,CO2BGD,2,2041,2.072777078865329e-15
GLOBAL,PWRPETBGDXX,CO2BGD,2,2042,2.3644041449089803
GLOBAL,PWRPETBGDXX,CO2BGD,2,2043,3.398302232542782
GLOBAL,PWRPETBGDXX,CO2BGD,2,2044,3.831786464765545
GLOBAL,PWRPETBGDXX,CO2BGD,2,2045,3.9861330639152435
GLOBAL,PWRPETBGDXX,CO2BGD,2,2046,4.100184227324963
GLOBAL,PWRPETBGDXX,CO2BGD,2,2047,3.8919009232471096
GLOBAL,PWRPETBGDXX,CO2BGD,2,2048,3.8881196769429263
GLOBAL,PWRPETBGDXX,CO2BGD,2,2049,4.141245586326687
GLOBAL,PWRPETBGDXX,CO2BGD,2,2050,3.3399571694151957
GLOBAL,PWRPETBTNXX,CO2BTN,2,2037,0.426051101139749
GLOBAL,PWRPETBTNXX,CO2BTN,2,2038,1.6113257239909968
GLOBAL,PWRPETBTNXX,CO2BTN,2,2039,2.349559049142926
GLOBAL,PWRPETBTNXX,CO2BTN,2,2040,2.037619880811767
GLOBAL,PWRPETBTNXX,CO2BTN,2,2041,2.826348076422358
GLOBAL,PWRPETBTNXX,CO2BTN,2,2042,3.2087335426035613
GLOBAL,PWRPETBTNXX,CO2BTN,2,2043,3.429678365998867
GLOBAL,PWRPETBTNXX,CO2BTN,2,2044,3.3609343366596884
GLOBAL,PWRPETBTNXX,CO2BTN,2,2045,3.6305861493097176
GLOBAL,PWRPETBTNXX,CO2BTN,2,2046,3.3288965011478915
GLOBAL,PWRPETBTNXX,CO2BTN,2,2047,3.2440533555661455
GLOBAL,PWRPETBTNXX,CO2BTN,2,2048,2.7510382868425305
GLOBAL,PWRPETBTNXX,CO2BTN,2,2049,1.9566352190074419
GLOBAL,PWRPETBTNXX,CO2BTN,2,2050,2.075759635694279
GLOBAL,PWRPETINDEA,CO2IND,2,2037,-1.0363885394326646e-15
GLOBAL,PWRPETINDEA,CO2IND,2,2038,1.5545581391052113e-15
GLOBAL,PWRPETINDEA,CO2IND,2,2039,0.049404397247456225
GLOBAL,PWRPETINDEA,CO2IND,2,2040,3.521698378128
GLOBAL,PWRPETINDEA,CO2IND,2,2041,6.77024273227632
GLOBAL,PWRPETINDEA,CO2IND,2,2042,7.474593845376
GLOBAL,PWRPETINDEA,CO2IND,2,2043,7.941755960712001
GLOBAL,PWRPETINDEA,CO2IND,2,2044,8.408918076048002
GLOBAL,PWRPETINDEA,CO2IND,2,2045,8.408918076048002
GLOBAL,PWRPETINDEA,CO2IND,2,2046,8.408918076048002
GLOBAL,PWRPETINDEA,CO2IND,2,2047,8.408918076048002
GLOBAL,PWRPETINDEA,CO2IND,2,2048,8.408918076048002
GLOBAL,PWRPETINDEA,CO2IND,2,2049,8.408918076048002
GLOBAL,PWRPETINDEA,CO2IND,2,2050,8.408918076048002
GLOBAL,PWRPETINDNE,CO2IND,2,2036,0.17316547201317772
GLOBAL,PWRPETINDNE,CO2IND,2,2037,1.7161911999499155
GLOBAL,PWRPETINDNE,CO2IND,2,2038,2.7670487256719998
GLOBAL,PWRPETINDNE,CO2IND,2,2039,3.018598609824
GLOBAL,PWRPETINDNE,CO2IND,2,2040,3.267427133308722
GLOBAL,PWRPETINDNE,CO2IND,2,2041,3.470655543572125
GLOBAL,PWRPETINDNE,CO2IND,2,2042,3.6763317708277867
GLOBAL,PWRPETINDNE,CO2IND,2,2043,3.8834582749817885
GLOBAL,PWRPETINDNE,CO2IND,2,2044,4.069353298323212
GLOBAL,PWRPETINDNE,CO2IND,2,2045,4.119756829274923
GLOBAL,PWRPETINDNE,CO2IND,2,2046,4.351737140372927
GLOBAL,PWRPETINDNE,CO2IND,2,2047,4.189269471083491
GLOBAL,PWRPETINDNE,CO2IND,2,2048,4.1444367658292585
GLOBAL,PWRPETINDNE,CO2IND,2,2049,3.9346907053606577
GLOBAL,PWRPETINDNE,CO2IND,2,2050,4.0943605256713
GLOBAL,PWRPETINDNO,CO2IND,2,2037,0.5988568406726713
GLOBAL,PWRPETINDNO,CO2IND,2,2038,3.4258017611135356
GLOBAL,PWRPETINDNO,CO2IND,2,2039,6.540269614703997
GLOBAL,PWRPETINDNO,CO2IND,2,2040,7.0074317300399995
GLOBAL,PWRPETINDNO,CO2IND,2,2041,8.961933106438522
GLOBAL,PWRPETINDNO,CO2IND,2,2042,9.734614741656006
GLOBAL,PWRPETINDNO,CO2IND,2,2043,10.307239138224002
GLOBAL,PWRPETINDNO,CO2IND,2,2044,10.879863534792012
GLOBAL,PWRPETINDNO,CO2IND,2,2045,10.879863534792005
GLOBAL,PWRPETINDNO,CO2IND,2,2046,10.532783424423878
GLOBAL,PWRPETINDNO,CO2IND,2,2047,8.876080191384004
GLOBAL,PWRPETINDNO,CO2IND,2,2048,8.876080191383997
GLOBAL,PWRPETINDNO,CO2IND,2,2049,7.620095535827077
GLOBAL,PWRPETINDNO,CO2IND,2,2050,8.876080191384
GLOBAL,PWRPETINDSO,CO2IND,2,2039,-1.5545581391052113e-14
GLOBAL,PWRPETINDSO,CO2IND,2,2040,1.295473339268938e-15
GLOBAL,PWRPETINDSO,CO2IND,2,2041,7.3825174488280485
GLOBAL,PWRPETINDSO,CO2IND,2,2042,12.738350991101242
GLOBAL,PWRPETINDSO,CO2IND,2,2043,14.091799761432998
GLOBAL,PWRPETINDSO,CO2IND,2,2044,13.58430663479722
GLOBAL,PWRPETINDSO,CO2IND,2,2045,12.024268551740532
GLOBAL,PWRPETINDSO,CO2IND,2,2046,5.7199102700841955
GLOBAL,PWRPETINDSO,CO2IND,2,2047,6.0074961945792005
GLOBAL,PWRPETINDSO,CO2IND,2,2048,7.963274522440818
GLOBAL,PWRPETINDSO,CO2IND,2,2049,7.963274522440836
GLOBAL,PWRPETINDSO,CO2IND,2,2050,7.963274522440829
GLOBAL,PWRPETINDWE,CO2IND,2,2039,2.0727770788653288e-15
GLOBAL,PWRPETINDWE,CO2IND,2,2040,5.089291512269019
GLOBAL,PWRPETINDWE,CO2IND,2,2041,7.007431730040008
GLOBAL,PWRPETINDWE,CO2IND,2,2042,7.474593845376003
GLOBAL,PWRPETINDWE,CO2IND,2,2043,7.941755960712007
GLOBAL,PWRPETINDWE,CO2IND,2,2044,8.408918076048007
GLOBAL,PWRPETINDWE,CO2IND,2,2045,8.408918076048009
GLOBAL,PWRPETINDWE,CO2IND,2,2046,8.408918076048009
GLOBAL,PWRPETINDWE,CO2IND,2,2047,4.5627477674629615
GLOBAL,PWRPETINDWE,CO2IND,2,2048,6.081584359658519
GLOBAL,PWRPETINDWE,CO2IND,2,2049,8.408918076047987
GLOBAL,PWRPETINDWE,CO2IND,2,2050,8.408918076048009
GLOBAL,PWRPETLKAXX,CO2LKA,2,2040,0.02503543015445541
GLOBAL,PWRPETLKAXX,CO2LKA,2,2041,0.2756265791760581
GLOBAL,PWRPETLKAXX,CO2LKA,2,2042,0.8966178108732283
GLOBAL,PWRPETLKAXX,CO2LKA,2,2043,1.2882085511385153
GLOBAL,PWRPETLKAXX,CO2LKA,2,2044,1.2888348967904528
GLOBAL,PWRPETLKAXX,CO2LKA,2,2045,0.7108396571958933
GLOBAL,PWRPETLKAXX,CO2LKA,2,2046,0.9861296080440737
GLOBAL,PWRPETLKAXX,CO2LKA,2,2047,0.9861296080440737
GLOBAL,PWRPETLKAXX,CO2LKA,2,2048,1.139237270421812
GLOBAL,PWRPETLKAXX,CO2LKA,2,2049,1.9854549299291189
GLOBAL,PWRPETLKAXX,CO2LKA,2,2050,2.563933225088845
GLOBAL,PWRPETNPLXX,CO2NPL,2,2033,0.01545950672855558
GLOBAL,PWRPETNPLXX,CO2NPL,2,2034,0.15298450570307454
GLOBAL,PWRPETNPLXX,CO2NPL,2,2035,0.123483742461234
GLOBAL,PWRPETNPLXX,CO2NPL,2,2036,0.3148580487176722
GLOBAL,PWRPETNPLXX,CO2NPL,2,2037,0.8470510601445985
GLOBAL,PWRPETNPLXX,CO2NPL,2,2038,1.0016634355996594
GLOBAL,PWRPETNPLXX,CO2NPL,2,2039,1.117011279200066
GLOBAL,PWRPETNPLXX,CO2NPL,2,2040,1.0582298726455048
GLOBAL,PWRPETNPLXX,CO2NPL,2,2041,2.4224511933100548
GLOBAL,PWRPETNPLXX,CO2NPL,2,2042,4.876393106215293
GLOBAL,PWRPETNPLXX,CO2NPL,2,2043,6.924502376272087
GLOBAL,PWRPETNPLXX,CO2NPL,2,2044,6.867929808373438
GLOBAL,PWRPETNPLXX,CO2NPL,2,2045,6.829992245293747
GLOBAL,PWRPETNPLXX,CO2NPL,2,2046,6.922042532306218
GLOBAL,PWRPETNPLXX,CO2NPL,2,2047,6.753860872868588
GLOBAL,PWRPETNPLXX,CO2NPL,2,2048,3.8977141929170225
GLOBAL,PWRPETNPLXX,CO2NPL,2,2049,3.730332038860689
GLOBAL,PWRPETNPLXX,CO2NPL,2,2050,3.587080951362217
GLOBAL,PWRWASINDEA,CO2IND,1,2024,0.0011088079776115133
GLOBAL,PWRWASINDEA,CO2IND,1,2025,0.00221761595522304
GLOBAL,PWRWASINDEA,CO2IND,1,2026,0.003326423932834559
GLOBAL,PWRWASINDEA,CO2IND,1,2027,0.00471243390484896
GLOBAL,PWRWASINDEA,CO2IND,1,2028,0.0060984438768633565
GLOBAL,PWRWASINDEA,CO2IND,1,2029,0.007207251854474881
GLOBAL,PWRWASINDEA,CO2IND,1,2030,0.007761655843280639
GLOBAL,PWRWASINDEA,CO2IND,1,2031,0.008316059832086393
GLOBAL,PWRWASINDEA,CO2IND,1,2032,0.009147665815295037
GLOBAL,PWRWASINDEA,CO2IND,1,2033,0.009702069804100797
GLOBAL,PWRWASINDEA,CO2IND,1,2034,0.01025647379290656
GLOBAL,PWRWASINDEA,CO2IND,1,2035,0.010810877781712318
GLOBAL,PWRWASINDEA,CO2IND,1,2036,0.011365281770518078
GLOBAL,PWRWASINDEA,CO2IND,1,2037,0.011919685759323837
GLOBAL,PWRWASINDEA,CO2IND,1,2038,0.012474089748129595
GLOBAL,PWRWASINDEA,CO2IND,1,2039,0.012751291742532473
GLOBAL,PWRWASINDEA,CO2IND,1,2040,0.013028493736935352
GLOBAL,PWRWASINDEA,CO2IND,1,2041,0.013305695731338232
GLOBAL,PWRWASINDEA,CO2IND,1,2042,0.013860099720143992
GLOBAL,PWRWASINDEA,CO2IND,1,2043,0.01469170570335263
GLOBAL,PWRWASINDEA,CO2IND,1,2044,0.015800513680964152
GLOBAL,PWRWASINDEA,CO2IND,1,2045,0.01718652365297856
GLOBAL,PWRWASINDEA,CO2IND,1,2046,0.018572533624992955
GLOBAL,PWRWASINDEA,CO2IND,1,2047,0.019958543597007355
GLOBAL,PWRWASINDEA,CO2IND,1,2048,0.020512947585813117
GLOBAL,PWRWASINDEA,CO2IND,1,2049,0.019404139608201598
GLOBAL,PWRWASINDEA,CO2IND,1,2050,0.018295331630590078
GLOBAL,PWRWASINDNO,CO2IND,1,2024,0.040748693177223363
GLOBAL,PWRWASINDNO,CO2IND,1,2025,0.08371500230966976
GLOBAL,PWRWASINDNO,CO2IND,1,2026,0.12973053338054785
GLOBAL,PWRWASINDNO,CO2IND,1,2027,0.17879528638985764
GLOBAL,PWRWASINDNO,CO2IND,1,2028,0.23035485734879324
GLOBAL,PWRWASINDNO,CO2IND,1,2029,0.2766475904140743
GLOBAL,PWRWASINDNO,CO2IND,1,2030,0.3071398097983909
GLOBAL,PWRWASINDNO,CO2IND,1,2031,0.3368004231994992
GLOBAL,PWRWASINDNO,CO2IND,1,2032,0.37283668247187357
GLOBAL,PWRWASINDNO,CO2IND,1,2033,0.40720972977783076
GLOBAL,PWRWASINDNO,CO2IND,1,2034,0.44019676711177347
GLOBAL,PWRWASINDNO,CO2IND,1,2035,0.4715205924792989
GLOBAL,PWRWASINDNO,CO2IND,1,2036,0.501181205880407
GLOBAL,PWRWASINDNO,CO2IND,1,2037,0.5336138392255441
GLOBAL,PWRWASINDNO,CO2IND,1,2038,0.5643832606042637
GLOBAL,PWRWASINDNO,CO2IND,1,2039,0.593489470016566
GLOBAL,PWRWASINDNO,CO2IND,1,2040,0.6181604475184224
GLOBAL,PWRWASINDNO,CO2IND,1,2041,0.6436630310034873
GLOBAL,PWRWASINDNO,CO2IND,1,2042,0.6733236444045955
GLOBAL,PWRWASINDNO,CO2IND,1,2043,0.7165671555314448
GLOBAL,PWRWASINDNO,CO2IND,1,2044,0.7736707663784381
GLOBAL,PWRWASINDNO,CO2IND,1,2045,0.8440800729567697
GLOBAL,PWRWASINDNO,CO2IND,1,2046,0.9322303071768856
GLOBAL,PWRWASINDNO,CO2IND,1,2047,1.0370126610611743
GLOBAL,PWRWASINDNO,CO2IND,1,2048,1.1573183266320242
GLOBAL,PWRWASINDNO,CO2IND,1,2049,1.2515670047290033
GLOBAL,PWRWASINDNO,CO2IND,1,2050,1.3574581665909033
GLOBAL,PWRWASINDSO,CO2IND,1,2024,0.03160102736192833
GLOBAL,PWRWASINDSO,CO2IND,1,2025,0.06514246868467681
GLOBAL,PWRWASINDSO,CO2IND,1,2026,0.10201033394025984
GLOBAL,PWRWASINDSO,CO2IND,1,2027,0.13943260318464862
GLOBAL,PWRWASINDSO,CO2IND,1,2028,0.17824088240105188
GLOBAL,PWRWASINDSO,CO2IND,1,2029,0.2134455356902177
GLOBAL,PWRWASINDSO,CO2IND,1,2030,0.23756210920326823
GLOBAL,PWRWASINDSO,CO2IND,1,2031,0.26001547074990145
GLOBAL,PWRWASINDSO,CO2IND,1,2032,0.28801287218459226
GLOBAL,PWRWASINDSO,CO2IND,1,2033,0.31490146564167176
GLOBAL,PWRWASINDSO,CO2IND,1,2034,0.34095845311554246
GLOBAL,PWRWASINDSO,CO2IND,1,2035,0.36590663261180156
GLOBAL,PWRWASINDSO,CO2IND,1,2036,0.3897460041304494
GLOBAL,PWRWASINDSO,CO2IND,1,2037,0.41497138562111147
GLOBAL,PWRWASINDSO,CO2IND,1,2038,0.439087959134162
GLOBAL,PWRWASINDSO,CO2IND,1,2039,0.46209572466960114
GLOBAL,PWRWASINDSO,CO2IND,1,2040,0.48316307624421984
GLOBAL,PWRWASINDSO,CO2IND,1,2041,0.503953225824436
GLOBAL,PWRWASINDSO,CO2IND,1,2042,0.5280697993374864
GLOBAL,PWRWASINDSO,CO2IND,1,2043,0.561056836671429
GLOBAL,PWRWASINDSO,CO2IND,1,2044,0.6043003477982783
GLOBAL,PWRWASINDSO,CO2IND,1,2045,0.6580775347124371
GLOBAL,PWRWASINDSO,CO2IND,1,2046,0.725160417357934
GLOBAL,PWRWASINDSO,CO2IND,1,2047,0.8047173897515607
GLOBAL,PWRWASINDSO,CO2IND,1,2048,0.8959168459101081
GLOBAL,PWRWASINDSO,CO2IND,1,2049,0.9666033544828424
GLOBAL,PWRWASINDSO,CO2IND,1,2050,1.0461603268764694
GLOBAL,PWRWASINDWE,CO2IND,1,2024,0.020235745591410243
GLOBAL,PWRWASINDWE,CO2IND,1,2025,0.04213470314923776
GLOBAL,PWRWASINDWE,CO2IND,1,2026,0.06680568065109406
GLOBAL,PWRWASINDWE,CO2IND,1,2027,0.09064505216974177
GLOBAL,PWRWASINDWE,CO2IND,1,2028,0.11531602967159808
GLOBAL,PWRWASINDWE,CO2IND,1,2029,0.13666058324061986
GLOBAL,PWRWASINDWE,CO2IND,1,2030,0.1441450370894976
GLOBAL,PWRWASINDWE,CO2IND,1,2031,0.15024348096636098
GLOBAL,PWRWASINDWE,CO2IND,1,2032,0.16354917669769922
GLOBAL,PWRWASINDWE,CO2IND,1,2033,0.17574606445142593
GLOBAL,PWRWASINDWE,CO2IND,1,2034,0.187111346221944
GLOBAL,PWRWASINDWE,CO2IND,1,2035,0.1973678200148506
GLOBAL,PWRWASINDWE,CO2IND,1,2036,0.20679268782454852
GLOBAL,PWRWASINDWE,CO2IND,1,2037,0.21732636361185795
GLOBAL,PWRWASINDWE,CO2IND,1,2038,0.22675123142155587
GLOBAL,PWRWASINDWE,CO2IND,1,2039,0.23506729125364226
GLOBAL,PWRWASINDWE,CO2IND,1,2040,0.24227454310811714
GLOBAL,PWRWASINDWE,CO2IND,1,2041,0.24920459296818911
GLOBAL,PWRWASINDWE,CO2IND,1,2042,0.26306469268833316
GLOBAL,PWRWASINDWE,CO2IND,1,2043,0.2835776402741462
GLOBAL,PWRWASINDWE,CO2IND,1,2044,0.3104662337312256
GLOBAL,PWRWASINDWE,CO2IND,1,2045,0.3437304730595712
GLOBAL,PWRWASINDWE,CO2IND,1,2046,0.38531077222000326
GLOBAL,PWRWASINDWE,CO2IND,1,2047,0.4346527272237158
GLOBAL,PWRWASINDWE,CO2IND,1,2048,0.4912019340819035
GLOBAL,PWRWASINDWE,CO2IND,1,2049,0.5341682432143499
GLOBAL,PWRWASINDWE,CO2IND,1,2050,0.5812925822628393
GLOBAL,PWRWASLKAXX,CO2LKA,1,2024,0.00221761595522304
GLOBAL,PWRWASLKAXX,CO2LKA,1,2025,0.0038808279216403186
GLOBAL,PWRWASLKAXX,CO2LKA,1,2026,0.005544039888057598
GLOBAL,PWRWASLKAXX,CO2LKA,1,2027,0.00720725185447488
GLOBAL,PWRWASLKAXX,CO2LKA,1,2028,0.009147665815295039
GLOBAL,PWRWASLKAXX,CO2LKA,1,2029,0.01081087778171232
GLOBAL,PWRWASLKAXX,CO2LKA,1,2030,0.012751291742532471
GLOBAL,PWRWASLKAXX,CO2LKA,1,2031,0.01441450370894976
GLOBAL,PWRWASLKAXX,CO2LKA,1,2032,0.01635491766976992
GLOBAL,PWRWASLKAXX,CO2LKA,1,2033,0.01829533163059008
GLOBAL,PWRWASLKAXX,CO2LKA,1,2034,0.02023574559141024
GLOBAL,PWRWASLKAXX,CO2LKA,1,2035,0.022453361546633282
GLOBAL,PWRWASLKAXX,CO2LKA,1,2036,0.02467097750185632
GLOBAL,PWRWASLKAXX,CO2LKA,1,2037,0.027165795451482243
GLOBAL,PWRWASLKAXX,CO2LKA,1,2038,0.029660613401108156
GLOBAL,PWRWASLKAXX,CO2LKA,1,2039,0.032155431350734086
GLOBAL,PWRWASLKAXX,CO2LKA,1,2040,0.03492745129476288
GLOBAL,PWRWASLKAXX,CO2LKA,1,2041,0.03769947123879168
GLOBAL,PWRWASLKAXX,CO2LKA,1,2042,0.04047149118282049
GLOBAL,PWRWASLKAXX,CO2LKA,1,2043,0.04352071312125215
GLOBAL,PWRWASLKAXX,CO2LKA,1,2044,0.046569935059683834
GLOBAL,PWRWASLKAXX,CO2LKA,1,2045,0.04961915699811552
GLOBAL,PWRWASLKAXX,CO2LKA,1,2046,0.053499984919755855
GLOBAL,PWRWASLKAXX,CO2LKA,1,2047,0.0582124188246048
GLOBAL,PWRWASLKAXX,CO2LKA,1,2048,0.06347925671825952
GLOBAL,PWRWASLKAXX,CO2LKA,1,2049,0.06736008463989984
GLOBAL,PWRWASLKAXX,CO2LKA,1,2050,0.07262692253355456
