REGION,STORAGE,SEASON,YEAR,VALUE
GLOBAL,LDSINDEA01,1,2030,1.0443235913884521e-07
GLOBAL,LDSINDEA01,1,2032,-1.0443278739523387e-07
GLOBAL,LDSINDEA01,1,2036,1.0443222638045757e-07
GLOBAL,LDSINDEA01,1,2039,1.0443278739523389e-07
GLOBAL,LDSINDEA01,1,2042,-3.486138856756415e-09
GLOBAL,LDSINDEA01,1,2046,-3.486138856756415e-09
GLOBAL,LDSINDEA01,2,2030,1.0443235913884521e-07
GLOBAL,LDSINDEA01,2,2035,1.0443278739523387e-07
GLOBAL,LDSINDEA01,2,2036,1.0443222638045757e-07
GLOBAL,LDSINDEA01,2,2038,3.486138856756415e-09
GLOBAL,LDSINDEA01,2,2039,1.0443278739523389e-07
GLOBAL,LDSINDEA01,2,2040,3.4861388558890534e-09
GLOBAL,LDSINDEA01,2,2041,3.4861388558890534e-09
GLOBAL,LDSINDEA01,2,2043,3.486138856756415e-09
GLOBAL,LDSINDEA01,2,2044,3.4861388558890534e-09
GLOBAL,LDSINDEA01,2,2045,3.486138856756415e-09
GLOBAL,LDSINDEA01,2,2049,3.486138856756415e-09
GLOBAL,LDSINDEA01,3,2032,-1.0443278739523389e-07
GLOBAL,LDSINDEA01,3,2037,-2.4712768051556037e-08
GLOBAL,LDSINDEA01,3,2041,-7.775968376144693e-08
GLOBAL,LDSINDEA01,3,2042,-1.0443278739523389e-07
GLOBAL,LDSINDEA01,3,2046,-3.4861388558890534e-09
GLOBAL,LDSINDEA01,3,2047,-1.0443278739523389e-07
GLOBAL,LDSINDEA01,3,2048,-1.0443278739523389e-07
GLOBAL,LDSINDEA01,3,2049,-1.0094664853847747e-07
GLOBAL,LDSINDEA01,3,2050,-1.0443278739523389e-07
GLOBAL,LDSINDEA01,4,2030,1.0443235913711046e-07
GLOBAL,LDSINDEA01,4,2032,-1.0443278739523389e-07
GLOBAL,LDSINDEA01,4,2036,1.0443222638077009e-07
GLOBAL,LDSINDEA01,4,2037,-2.4712768051556037e-08
GLOBAL,LDSINDEA01,4,2039,1.0443278739523389e-07
GLOBAL,LDSINDEA01,4,2041,-7.775968376144693e-08
GLOBAL,LDSINDEA01,4,2042,-3.4861388558890534e-09
GLOBAL,LDSINDEA01,4,2046,-3.4861388558890534e-09
GLOBAL,LDSINDNO01,1,2037,-6.455812696926077e-09
GLOBAL,LDSINDNO01,1,2039,1.439999999987979e-07
GLOBAL,LDSINDNO01,1,2048,1.439999999935937e-07
GLOBAL,LDSINDNO01,2,2038,6.455812695191353e-09
GLOBAL,LDSINDNO01,2,2039,1.5045581269572397e-07
GLOBAL,LDSINDNO01,2,2041,6.455812695191353e-09
GLOBAL,LDSINDNO01,2,2042,6.455812695191353e-09
GLOBAL,LDSINDNO01,2,2043,6.455812695191353e-09
GLOBAL,LDSINDNO01,2,2044,6.455812695191353e-09
GLOBAL,LDSINDNO01,2,2045,6.455812695191353e-09
GLOBAL,LDSINDNO01,2,2048,1.4400001419750954e-07
GLOBAL,LDSINDNO01,2,2049,6.455812695191353e-09
GLOBAL,LDSINDNO01,2,2050,6.455812695191353e-09
GLOBAL,LDSINDNO01,3,2030,-1.4399999036934785e-07
GLOBAL,LDSINDNO01,3,2031,-1.439999903728173e-07
GLOBAL,LDSINDNO01,3,2032,-1.4399999037455202e-07
GLOBAL,LDSINDNO01,3,2033,-1.4399999037628677e-07
GLOBAL,LDSINDNO01,3,2034,-1.4399999037368466e-07
GLOBAL,LDSINDNO01,3,2035,-1.4399971119682944e-07
GLOBAL,LDSINDNO01,3,2036,-1.4399971119596205e-07
GLOBAL,LDSINDNO01,3,2037,-4.576438528136607e-08
GLOBAL,LDSINDNO01,3,2038,-3.930857258617471e-08
GLOBAL,LDSINDNO01,3,2040,-1.933940507355125e-07
GLOBAL,LDSINDNO01,3,2041,-1.8693820335799474e-07
GLOBAL,LDSINDNO01,3,2042,-1.8693820335475847e-07
GLOBAL,LDSINDNO01,3,2043,-1.8693820335475847e-07
GLOBAL,LDSINDNO01,3,2044,-1.8693820335475847e-07
GLOBAL,LDSINDNO01,3,2045,-1.8693820335475847e-07
GLOBAL,LDSINDNO01,3,2046,-1.439999903749857e-07
GLOBAL,LDSINDNO01,3,2047,-1.4399999037325098e-07
GLOBAL,LDSINDNO01,3,2049,-1.4399999037325098e-07
GLOBAL,LDSINDNO01,3,2050,-1.4399941437740274e-07
GLOBAL,LDSINDNO01,4,2030,-1.4399999036934785e-07
GLOBAL,LDSINDNO01,4,2031,-1.439999903728173e-07
GLOBAL,LDSINDNO01,4,2032,-1.4399999037455202e-07
GLOBAL,LDSINDNO01,4,2033,-1.4399999037628677e-07
GLOBAL,LDSINDNO01,4,2034,-1.4399999037368466e-07
GLOBAL,LDSINDNO01,4,2035,-1.439999903734093e-07
GLOBAL,LDSINDNO01,4,2036,-1.4399999037254193e-07
GLOBAL,LDSINDNO01,4,2037,-4.576438528136607e-08
GLOBAL,LDSINDNO01,4,2038,-3.930857258617471e-08
GLOBAL,LDSINDNO01,4,2040,-1.439999903742364e-07
GLOBAL,LDSINDNO01,4,2041,-1.4399999036934785e-07
GLOBAL,LDSINDNO01,4,2042,-1.439998507857662e-07
GLOBAL,LDSINDNO01,4,2043,-1.4399999037250562e-07
GLOBAL,LDSINDNO01,4,2044,-1.439998507857662e-07
GLOBAL,LDSINDNO01,4,2045,-1.4399999037163826e-07
GLOBAL,LDSINDNO01,4,2046,-1.439999903749857e-07
GLOBAL,LDSINDNO01,4,2047,-1.4399999037325098e-07
GLOBAL,LDSINDNO01,4,2049,-1.4399999037325098e-07
GLOBAL,LDSINDNO01,4,2050,-1.4399941437740274e-07
GLOBAL,LDSINDSO01,1,2042,1.3552631745669674e-07
GLOBAL,LDSINDSO01,1,2043,7.73576202929907e-08
GLOBAL,LDSINDSO01,1,2044,-2.58232528416169e-09
GLOBAL,LDSINDSO01,2,2040,1.6978787389931863e-08
GLOBAL,LDSINDSO01,2,2041,6.1975801886327e-09
GLOBAL,LDSINDSO01,2,2042,1.4172389764532944e-07
GLOBAL,LDSINDSO01,2,2043,7.73576202929907e-08
GLOBAL,LDSINDSO01,3,2030,-3.7871997468630347e-07
GLOBAL,LDSINDSO01,3,2031,-3.787199746793646e-07
GLOBAL,LDSINDSO01,3,2032,-3.7871997468630347e-07
GLOBAL,LDSINDSO01,3,2033,-3.7872070892016987e-07
GLOBAL,LDSINDSO01,3,2034,-3.78718459810391e-07
GLOBAL,LDSINDSO01,3,2035,-3.7871997468630347e-07
GLOBAL,LDSINDSO01,3,2036,-3.7871845981474205e-07
GLOBAL,LDSINDSO01,3,2037,-1.203603332902703e-07
GLOBAL,LDSINDSO01,3,2038,-1.2036033329373974e-07
GLOBAL,LDSINDSO01,3,2039,-1.2036033329373974e-07
GLOBAL,LDSINDSO01,3,2040,-4.916474964051321e-07
GLOBAL,LDSINDSO01,3,2041,-1.3552687323087342e-07
GLOBAL,LDSINDSO01,3,2044,-7.73576202929907e-08
GLOBAL,LDSINDSO01,3,2045,-7.73576202929907e-08
GLOBAL,LDSINDSO01,3,2047,-7.73576202929907e-08
GLOBAL,LDSINDSO01,4,2030,-3.7871997468630347e-07
GLOBAL,LDSINDSO01,4,2031,-3.787199746793646e-07
GLOBAL,LDSINDSO01,4,2032,-3.7871997468630347e-07
GLOBAL,LDSINDSO01,4,2033,-3.787199746829179e-07
GLOBAL,LDSINDSO01,4,2034,-3.78718459810391e-07
GLOBAL,LDSINDSO01,4,2035,-3.7871997468630347e-07
GLOBAL,LDSINDSO01,4,2036,-3.7871845981474205e-07
GLOBAL,LDSINDSO01,4,2037,-1.203603332902703e-07
GLOBAL,LDSINDSO01,4,2038,-1.2036033329373974e-07
GLOBAL,LDSINDSO01,4,2039,-1.2036033329373974e-07
GLOBAL,LDSINDSO01,4,2040,-3.787196075672531e-07
GLOBAL,LDSINDSO01,4,2041,-1.3552687323087342e-07
GLOBAL,LDSINDSO01,4,2043,7.735762029255702e-08
GLOBAL,LDSINDSO01,4,2044,-2.582325286379488e-09
GLOBAL,LDSINDSO01,4,2047,-7.73576202929907e-08
GLOBAL,LDSINDWE01,1,2037,-1.2524276633146814e-08
GLOBAL,LDSINDWE01,1,2039,2.7936000000089445e-07
GLOBAL,LDSINDWE01,1,2048,2.7936000000783334e-07
GLOBAL,LDSINDWE01,2,2036,1.2524276633146814e-08
GLOBAL,LDSINDWE01,2,2038,1.2524276633146814e-08
GLOBAL,LDSINDWE01,2,2039,2.918842766340413e-07
GLOBAL,LDSINDWE01,2,2041,1.252427661579958e-08
GLOBAL,LDSINDWE01,2,2042,1.2524276633146814e-08
GLOBAL,LDSINDWE01,2,2043,1.2524276633146814e-08
GLOBAL,LDSINDWE01,2,2044,1.2524276633146814e-08
GLOBAL,LDSINDWE01,2,2045,1.2524276633146814e-08
GLOBAL,LDSINDWE01,2,2048,2.7936002755429405e-07
GLOBAL,LDSINDWE01,2,2049,1.2524276633146814e-08
GLOBAL,LDSINDWE01,3,2030,-2.810788568979872e-07
GLOBAL,LDSINDWE01,3,2031,-2.810799812069664e-07
GLOBAL,LDSINDWE01,3,2032,-2.8108024707762524e-07
GLOBAL,LDSINDWE01,3,2033,-2.810799812139053e-07
GLOBAL,LDSINDWE01,3,2034,-2.810797087399938e-07
GLOBAL,LDSINDWE01,3,2035,-2.810799812121706e-07
GLOBAL,LDSINDWE01,3,2036,-2.793594397232191e-07
GLOBAL,LDSINDWE01,3,2037,-8.878290744598893e-08
GLOBAL,LDSINDWE01,3,2038,-7.625863081284211e-08
GLOBAL,LDSINDWE01,3,2040,-3.751844584246045e-07
GLOBAL,LDSINDWE01,3,2041,-3.626601145223507e-07
GLOBAL,LDSINDWE01,3,2042,-3.626601145032402e-07
GLOBAL,LDSINDWE01,3,2043,-3.626601145032402e-07
GLOBAL,LDSINDWE01,3,2044,-3.626601145119424e-07
GLOBAL,LDSINDWE01,3,2045,-2.793588638888567e-07
GLOBAL,LDSINDWE01,3,2046,-2.793599813265963e-07
GLOBAL,LDSINDWE01,3,2047,-2.793588638923261e-07
GLOBAL,LDSINDWE01,3,2049,-2.793599813144532e-07
GLOBAL,LDSINDWE01,3,2050,-2.7935998132486156e-07
GLOBAL,LDSINDWE01,4,2030,-2.810788568979872e-07
GLOBAL,LDSINDWE01,4,2031,-2.810799812069664e-07
GLOBAL,LDSINDWE01,4,2032,-2.810797021388793e-07
GLOBAL,LDSINDWE01,4,2033,-2.810799812139053e-07
GLOBAL,LDSINDWE01,4,2034,-2.810797087399938e-07
GLOBAL,LDSINDWE01,4,2035,-2.810799812121706e-07
GLOBAL,LDSINDWE01,4,2036,-2.793599813257839e-07
GLOBAL,LDSINDWE01,4,2037,-8.878290744598893e-08
GLOBAL,LDSINDWE01,4,2038,-7.625863081284211e-08
GLOBAL,LDSINDWE01,4,2040,-2.793588638888567e-07
GLOBAL,LDSINDWE01,4,2041,-2.793597105250097e-07
GLOBAL,LDSINDWE01,4,2042,-2.793599813222847e-07
GLOBAL,LDSINDWE01,4,2043,-2.793597105232464e-07
GLOBAL,LDSINDWE01,4,2044,-2.793599813232654e-07
GLOBAL,LDSINDWE01,4,2045,-2.793588638888567e-07
GLOBAL,LDSINDWE01,4,2046,-2.793599813265963e-07
GLOBAL,LDSINDWE01,4,2047,-2.793588638923261e-07
GLOBAL,LDSINDWE01,4,2049,-2.793599813144532e-07
GLOBAL,LDSINDWE01,4,2050,-2.7935998132486156e-07
GLOBAL,SDSINDNO01,1,2031,8.380408865070377e-09
GLOBAL,SDSINDNO01,1,2035,8.380408865070377e-09
GLOBAL,SDSINDNO01,1,2041,8.380374498951486e-09
GLOBAL,SDSINDNO01,1,2045,-8.219247156092315e-09
GLOBAL,SDSINDNO01,1,2047,-7.950644307795542e-09
GLOBAL,SDSINDNO01,1,2048,7.950644307958173e-09
GLOBAL,SDSINDNO01,1,2050,7.95061170377623e-09
GLOBAL,SDSINDNO01,2,2031,8.380408865070377e-09
GLOBAL,SDSINDNO01,2,2035,8.380408865070377e-09
GLOBAL,SDSINDNO01,2,2038,8.380408865070377e-09
GLOBAL,SDSINDNO01,2,2041,8.380374498951486e-09
GLOBAL,SDSINDNO01,2,2042,2.743720396280319e-10
GLOBAL,SDSINDNO01,2,2048,7.950644307958173e-09
GLOBAL,SDSINDNO01,2,2049,2.654056331262075e-10
GLOBAL,SDSINDNO01,2,2050,7.950611703790143e-09
GLOBAL,SDSINDNO01,3,2029,-4.834851268325471e-10
GLOBAL,SDSINDNO01,3,2030,-8.380408865070377e-09
GLOBAL,SDSINDNO01,3,2032,-8.380408865070377e-09
GLOBAL,SDSINDNO01,3,2033,-8.380408865070377e-09
GLOBAL,SDSINDNO01,3,2036,-8.380408865070377e-09
GLOBAL,SDSINDNO01,3,2037,-8.380408865070377e-09
GLOBAL,SDSINDNO01,3,2039,-8.380408865070377e-09
GLOBAL,SDSINDNO01,3,2040,-8.380408865070377e-09
GLOBAL,SDSINDNO01,3,2043,-8.219247156200734e-09
GLOBAL,SDSINDNO01,3,2044,-8.219247156200734e-09
GLOBAL,SDSINDNO01,3,2045,-8.219247156200734e-09
GLOBAL,SDSINDNO01,3,2046,-8.219247156200734e-09
GLOBAL,SDSINDNO01,3,2047,-7.95064430784975e-09
GLOBAL,SDSINDNO01,4,2031,8.380408865016167e-09
GLOBAL,SDSINDNO01,4,2035,8.380408865070377e-09
GLOBAL,SDSINDNO01,4,2041,8.38037449874375e-09
GLOBAL,SDSINDNO01,4,2045,-8.219247156200734e-09
GLOBAL,SDSINDNO01,4,2047,-7.95064430784975e-09
GLOBAL,SDSINDNO01,4,2048,7.950644307795542e-09
GLOBAL,SDSINDNO01,4,2050,7.950611703938862e-09
GLOBAL,SDSINDSO01,1,2044,-2.9924518682444834e-08
GLOBAL,SDSINDSO01,1,2049,-2.582325286763776e-10
GLOBAL,SDSINDSO01,1,2050,-2.582325286763776e-10
GLOBAL,SDSINDSO01,2,2039,1.8305754113271086e-09
GLOBAL,SDSINDSO01,2,2041,2.5823250785969587e-10
GLOBAL,SDSINDSO01,2,2042,2.5823250785969587e-10
GLOBAL,SDSINDSO01,2,2043,7.735762029320753e-09
GLOBAL,SDSINDSO01,2,2044,-2.9666283759633216e-08
GLOBAL,SDSINDSO01,2,2045,7.735762029266543e-09
GLOBAL,SDSINDSO01,3,2030,-7.735762029320753e-09
GLOBAL,SDSINDSO01,3,2032,-7.735762029320753e-09
GLOBAL,SDSINDSO01,3,2033,-7.735762029320753e-09
GLOBAL,SDSINDSO01,3,2034,-7.735762029320753e-09
GLOBAL,SDSINDSO01,3,2035,-7.735762029320753e-09
GLOBAL,SDSINDSO01,3,2036,-7.735762029320753e-09
GLOBAL,SDSINDSO01,3,2037,-7.735762029320753e-09
GLOBAL,SDSINDSO01,3,2038,-1.830575411306684e-09
GLOBAL,SDSINDSO01,3,2040,-7.735762029320753e-09
GLOBAL,SDSINDSO01,3,2041,-5.6469530512141125e-09
GLOBAL,SDSINDSO01,3,2042,-7.477529521461057e-09
GLOBAL,SDSINDSO01,3,2044,-2.9924518682390624e-08
GLOBAL,SDSINDSO01,3,2046,-7.735762029320753e-09
GLOBAL,SDSINDSO01,3,2047,-7.735762029320753e-09
GLOBAL,SDSINDSO01,3,2048,-1.830575411306684e-09
GLOBAL,SDSINDSO01,3,2049,-1.830575411306684e-09
GLOBAL,SDSINDSO01,3,2050,-7.735762029320753e-09
GLOBAL,SDSINDSO01,4,2041,-5.6469530512141125e-09
GLOBAL,SDSINDSO01,4,2044,-2.9924518682390624e-08
GLOBAL,SDSINDSO01,4,2049,-2.582325287200527e-10
GLOBAL,SDSINDSO01,4,2050,-2.582325287305877e-10
GLOBAL,SDSINDWE01,1,2036,-8.667009859199234e-09
GLOBAL,SDSINDWE01,1,2037,-1.452557856710789e-10
GLOBAL,SDSINDWE01,1,2038,-1.452557856710789e-10
GLOBAL,SDSINDWE01,1,2039,-1.452557856710789e-10
GLOBAL,SDSINDWE01,1,2042,-1.4525579729914723e-10
GLOBAL,SDSINDWE01,1,2045,4.351366141513252e-09
GLOBAL,SDSINDWE01,2,2030,4.351342766033099e-09
GLOBAL,SDSINDWE01,2,2031,4.351366141513252e-09
GLOBAL,SDSINDWE01,2,2033,4.351366141513252e-09
GLOBAL,SDSINDWE01,2,2036,-8.667009859199234e-09
GLOBAL,SDSINDWE01,2,2041,1.452557856710789e-10
GLOBAL,SDSINDWE01,2,2044,1.452557856710789e-10
GLOBAL,SDSINDWE01,2,2045,4.351366141513252e-09
GLOBAL,SDSINDWE01,3,2032,-4.3513637137948535e-09
GLOBAL,SDSINDWE01,3,2034,-4.351366141513252e-09
GLOBAL,SDSINDWE01,3,2035,-4.351366141513252e-09
GLOBAL,SDSINDWE01,3,2036,-1.3018376000712489e-08
GLOBAL,SDSINDWE01,3,2037,-1.4525578572528904e-10
GLOBAL,SDSINDWE01,3,2038,-4.351366141513252e-09
GLOBAL,SDSINDWE01,3,2039,-4.351366141513252e-09
GLOBAL,SDSINDWE01,3,2040,-4.351366141513252e-09
GLOBAL,SDSINDWE01,3,2041,-4.206110355842174e-09
GLOBAL,SDSINDWE01,3,2042,-4.351366141513252e-09
GLOBAL,SDSINDWE01,3,2043,-4.351366141513252e-09
GLOBAL,SDSINDWE01,3,2046,-4.351366141513252e-09
GLOBAL,SDSINDWE01,3,2047,-4.351366141513252e-09
GLOBAL,SDSINDWE01,3,2048,-4.351366141513252e-09
GLOBAL,SDSINDWE01,3,2049,-4.351366141513252e-09
GLOBAL,SDSINDWE01,3,2050,-4.351366141540358e-09
GLOBAL,SDSINDWE01,4,2036,-8.66700985922634e-09
GLOBAL,SDSINDWE01,4,2037,-1.4525578572528904e-10
GLOBAL,SDSINDWE01,4,2038,-1.4525578569818398e-10
GLOBAL,SDSINDWE01,4,2039,-1.4525578572528904e-10
GLOBAL,SDSINDWE01,4,2042,-1.4525579738667366e-10
GLOBAL,SDSINDWE01,4,2045,4.351366141486147e-09
