REGION,TECHNOLOGY,VALUE
GLOBAL,DSPTRNBGDXX,20.0
GLOBAL,DSPTRNBTNXX,20.0
GLOBAL,DSPTRNINDEA,20.0
GLOBAL,DSPTRNINDNE,20.0
GLOBAL,DSPTRNINDNO,20.0
GLOBAL,DSPTRNINDSO,20.0
GLOBAL,DSPTRNINDWE,20.0
GLOBAL,DSPTRNLKAXX,20.0
GLOBAL,DSPTRNMDVXX,20.0
GLOBAL,DSPTRNNPLXX,20.0
GLOBAL,PWRBCKBGDXX,1.0
GLOBAL,PWRBCKBTNXX,1.0
GLOBAL,PWRBCKINDEA,1.0
GLOBAL,PWRBCKINDNE,1.0
GLOBAL,PWRBCKINDNO,1.0
GLOBAL,PWRBCKINDSO,1.0
GLOBAL,PWRBCKINDWE,1.0
GLOBAL,PWRBCKLKAXX,1.0
GLOBAL,PWRBCKMDVXX,1.0
GLOBAL,PWRBCKNPLXX,1.0
GLOBAL,PWRBIOBGDXX,30.0
GLOBAL,PWRBIOINDEA,30.0
GLOBAL,PWRBIOINDNE,30.0
GLOBAL,PWRBIOINDNO,30.0
GLOBAL,PWRBIOINDSO,30.0
GLOBAL,PWRBIOINDWE,30.0
GLOBAL,PWRBIOLKAXX,30.0
GLOBAL,PWRBIONPLXX,30.0
GLOBAL,PWRCCSBGDXX,30.0
GLOBAL,PWRCCSINDEA,30.0
GLOBAL,PWRCCSINDNE,30.0
GLOBAL,PWRCCSINDNO,30.0
GLOBAL,PWRCCSINDSO,30.0
GLOBAL,PWRCCSINDWE,30.0
GLOBAL,PWRCOABGDXX,40.0
GLOBAL,PWRCOAINDEA,40.0
GLOBAL,PWRCOAINDNE,30.0
GLOBAL,PWRCOAINDNO,40.0
GLOBAL,PWRCOAINDSO,40.0
GLOBAL,PWRCOAINDWE,40.0
GLOBAL,PWRCOALKAXX,40.0
GLOBAL,PWRCOGBGDXX,30.0
GLOBAL,PWRCOGINDEA,30.0
GLOBAL,PWRCOGINDNE,30.0
GLOBAL,PWRCOGINDNO,30.0
GLOBAL,PWRCOGINDSO,30.0
GLOBAL,PWRCOGINDWE,30.0
GLOBAL,PWRCOGLKAXX,30.0
GLOBAL,PWRCSPINDEA,30.0
GLOBAL,PWRCSPINDNE,30.0
GLOBAL,PWRCSPINDNO,30.0
GLOBAL,PWRCSPINDSO,30.0
GLOBAL,PWRCSPINDWE,30.0
GLOBAL,PWRGEOINDNO,30.0
GLOBAL,PWRHYDBGDXX,53.3333
GLOBAL,PWRHYDBTNXX,80.0
GLOBAL,PWRHYDINDEA,80.0
GLOBAL,PWRHYDINDNE,80.0
GLOBAL,PWRHYDINDNO,80.0
GLOBAL,PWRHYDINDSO,60.0
GLOBAL,PWRHYDINDWE,60.0
GLOBAL,PWRHYDLKAXX,80.0
GLOBAL,PWRHYDNPLXX,80.0
GLOBAL,PWRLDSBGDXX,25.0
GLOBAL,PWRLDSBTNXX,25.0
GLOBAL,PWRLDSINDEA,25.0
GLOBAL,PWRLDSINDNE,25.0
GLOBAL,PWRLDSINDNO,25.0
GLOBAL,PWRLDSINDSO,25.0
GLOBAL,PWRLDSINDWE,25.0
GLOBAL,PWRLDSLKAXX,25.0
GLOBAL,PWRLDSMDVXX,25.0
GLOBAL,PWRLDSNPLXX,25.0
GLOBAL,PWRNGSBGDXX,27.5
GLOBAL,PWRNGSINDEA,27.5
GLOBAL,PWRNGSINDNE,27.5
GLOBAL,PWRNGSINDNO,27.5
GLOBAL,PWRNGSINDSO,27.5
GLOBAL,PWRNGSINDWE,27.5
GLOBAL,PWRNGSLKAXX,27.5
GLOBAL,PWRNGSMDVXX,27.5
GLOBAL,PWROILBGDXX,30.0
GLOBAL,PWROILINDEA,20.0
GLOBAL,PWROILINDNE,20.0
GLOBAL,PWROILINDNO,20.0
GLOBAL,PWROILINDSO,20.0
GLOBAL,PWROILINDWE,20.0
GLOBAL,PWROILLKAXX,30.0
GLOBAL,PWROILMDVXX,30.0
GLOBAL,PWROILNPLXX,30.0
GLOBAL,PWROTHBGDXX,20.0
GLOBAL,PWROTHBTNXX,20.0
GLOBAL,PWROTHINDEA,20.0
GLOBAL,PWROTHINDNE,20.0
GLOBAL,PWROTHINDNO,20.0
GLOBAL,PWROTHINDSO,20.0
GLOBAL,PWROTHINDWE,20.0
GLOBAL,PWROTHLKAXX,20.0
GLOBAL,PWROTHMDVXX,20.0
GLOBAL,PWROTHNPLXX,20.0
GLOBAL,PWRPETBGDXX,30.0
GLOBAL,PWRPETBTNXX,30.0
GLOBAL,PWRPETINDEA,30.0
GLOBAL,PWRPETINDNE,30.0
GLOBAL,PWRPETINDNO,30.0
GLOBAL,PWRPETINDSO,30.0
GLOBAL,PWRPETINDWE,30.0
GLOBAL,PWRPETLKAXX,30.0
GLOBAL,PWRPETMDVXX,30.0
GLOBAL,PWRPETNPLXX,30.0
GLOBAL,PWRSDSBGDXX,15.0
GLOBAL,PWRSDSBTNXX,15.0
GLOBAL,PWRSDSINDEA,15.0
GLOBAL,PWRSDSINDNE,15.0
GLOBAL,PWRSDSINDNO,15.0
GLOBAL,PWRSDSINDSO,15.0
GLOBAL,PWRSDSINDWE,15.0
GLOBAL,PWRSDSLKAXX,15.0
GLOBAL,PWRSDSMDVXX,15.0
GLOBAL,PWRSDSNPLXX,15.0
GLOBAL,PWRSHPINDEA,80.0
GLOBAL,PWRSHPINDNE,80.0
GLOBAL,PWRSHPINDNO,80.0
GLOBAL,PWRSHPINDSO,80.0
GLOBAL,PWRSHPINDWE,80.0
GLOBAL,PWRSPVBGDXX,25.0
GLOBAL,PWRSPVBTNXX,25.0
GLOBAL,PWRSPVINDEA,25.0
GLOBAL,PWRSPVINDNE,25.0
GLOBAL,PWRSPVINDNO,25.0
GLOBAL,PWRSPVINDSO,25.0
GLOBAL,PWRSPVINDWE,25.0
GLOBAL,PWRSPVLKAXX,25.0
GLOBAL,PWRSPVMDVXX,25.0
GLOBAL,PWRSPVNPLXX,25.0
GLOBAL,PWRTRNBGDXX,50.0
GLOBAL,PWRTRNBTNXX,50.0
GLOBAL,PWRTRNINDEA,50.0
GLOBAL,PWRTRNINDNE,50.0
GLOBAL,PWRTRNINDNO,50.0
GLOBAL,PWRTRNINDSO,50.0
GLOBAL,PWRTRNINDWE,50.0
GLOBAL,PWRTRNLKAXX,50.0
GLOBAL,PWRTRNMDVXX,50.0
GLOBAL,PWRTRNNPLXX,50.0
GLOBAL,PWRURNBGDXX,60.0
GLOBAL,PWRURNINDEA,60.0
GLOBAL,PWRURNINDNE,60.0
GLOBAL,PWRURNINDNO,60.0
GLOBAL,PWRURNINDSO,60.0
GLOBAL,PWRURNINDWE,60.0
GLOBAL,PWRWASBGDXX,25.0
GLOBAL,PWRWASINDEA,25.0
GLOBAL,PWRWASINDNE,25.0
GLOBAL,PWRWASINDNO,25.0
GLOBAL,PWRWASINDSO,25.0
GLOBAL,PWRWASINDWE,25.0
GLOBAL,PWRWASLKAXX,25.0
GLOBAL,PWRWASNPLXX,25.0
GLOBAL,PWRWOFBGDXX,25.0
GLOBAL,PWRWOFINDEA,25.0
GLOBAL,PWRWOFINDNE,25.0
GLOBAL,PWRWOFINDNO,25.0
GLOBAL,PWRWOFINDSO,25.0
GLOBAL,PWRWOFINDWE,25.0
GLOBAL,PWRWOFLKAXX,25.0
GLOBAL,PWRWOFMDVXX,25.0
GLOBAL,PWRWONBGDXX,25.0
GLOBAL,PWRWONBTNXX,25.0
GLOBAL,PWRWONINDEA,25.0
GLOBAL,PWRWONINDNE,25.0
GLOBAL,PWRWONINDNO,25.0
GLOBAL,PWRWONINDSO,25.0
GLOBAL,PWRWONINDWE,25.0
GLOBAL,PWRWONLKAXX,25.0
GLOBAL,PWRWONMDVXX,25.0
GLOBAL,PWRWONNPLXX,25.0
GLOBAL,RNWNLIBGDXX,20.0
GLOBAL,RNWNLIBTNXX,20.0
GLOBAL,RNWNLIINDEA,20.0
GLOBAL,RNWNLIINDNE,20.0
GLOBAL,RNWNLIINDNO,20.0
GLOBAL,RNWNLIINDSO,20.0
GLOBAL,RNWNLIINDWE,20.0
GLOBAL,RNWNLILKAXX,20.0
GLOBAL,RNWNLIMDVXX,20.0
GLOBAL,RNWNLINPLXX,20.0
GLOBAL,RNWRPOBGDXX,20.0
GLOBAL,RNWRPOBTNXX,20.0
GLOBAL,RNWRPOINDEA,20.0
GLOBAL,RNWRPOINDNE,20.0
GLOBAL,RNWRPOINDNO,20.0
GLOBAL,RNWRPOINDSO,20.0
GLOBAL,RNWRPOINDWE,20.0
GLOBAL,RNWRPOLKAXX,20.0
GLOBAL,RNWRPOMDVXX,20.0
GLOBAL,RNWRPONPLXX,20.0
GLOBAL,RNWTRNBGDXX,50.0
GLOBAL,RNWTRNBTNXX,50.0
GLOBAL,RNWTRNINDEA,50.0
GLOBAL,RNWTRNINDNE,50.0
GLOBAL,RNWTRNINDNO,50.0
GLOBAL,RNWTRNINDSO,50.0
GLOBAL,RNWTRNINDWE,50.0
GLOBAL,RNWTRNLKAXX,50.0
GLOBAL,RNWTRNMDVXX,50.0
GLOBAL,RNWTRNNPLXX,50.0
GLOBAL,TRNBGDXXINDEA,50.0
GLOBAL,TRNBGDXXINDNE,50.0
GLOBAL,TRNBTNXXBGDXX,40.0
GLOBAL,TRNBTNXXINDEA,50.0
GLOBAL,TRNBTNXXINDNE,50.0
GLOBAL,TRNINDEAINDNE,50.0
GLOBAL,TRNINDEAINDNO,50.0
GLOBAL,TRNINDEAINDSO,50.0
GLOBAL,TRNINDEAINDWE,60.0
GLOBAL,TRNINDEANPLXX,50.0
GLOBAL,TRNINDNEINDNO,60.0
GLOBAL,TRNINDNOINDWE,50.0
GLOBAL,TRNINDNONPLXX,50.0
GLOBAL,TRNINDSOINDWE,50.0
GLOBAL,TRNINDSOLKAXX,50.0
GLOBAL,TRNLKAXXMDVXX,60.0
GLOBAL,TRNMDVXXINDSO,50.0
GLOBAL,TRNNLIBGDXX,50.0
GLOBAL,TRNNLIBTNXX,50.0
GLOBAL,TRNNLIINDEA,50.0
GLOBAL,TRNNLIINDNE,50.0
GLOBAL,TRNNLIINDNO,50.0
GLOBAL,TRNNLIINDSO,50.0
GLOBAL,TRNNLIINDWE,50.0
GLOBAL,TRNNLILKAXX,50.0
GLOBAL,TRNNLIMDVXX,50.0
GLOBAL,TRNNLINPLXX,50.0
GLOBAL,TRNNPLXXBGDXX,40.0
GLOBAL,TRNRPOBGDXX,50.0
GLOBAL,TRNRPOBTNXX,50.0
GLOBAL,TRNRPOINDEA,50.0
GLOBAL,TRNRPOINDNE,50.0
GLOBAL,TRNRPOINDNO,50.0
GLOBAL,TRNRPOINDSO,50.0
GLOBAL,TRNRPOINDWE,50.0
GLOBAL,TRNRPOLKAXX,50.0
GLOBAL,TRNRPOMDVXX,50.0
GLOBAL,TRNRPONPLXX,50.0
