REGION,TECHNOLOGY,YEAR,VALUE
GLOBAL,MINCOAINT,2023,94828.02606572761
GLOBAL,MINCOAINT,2024,101632.11856996462
GLOBAL,MINCOAINT,2025,102493.56051582641
GLOBAL,MINCOAINT,2026,104698.0844155854
GLOBAL,MINCOAINT,2027,109404.05584854649
GLOBAL,MINCOAINT,2028,115905.08336758758
GLOBAL,MINCOAINT,2029,122358.38791067596
GLOBAL,MINCOAINT,2030,125493.05608070898
GLOBAL,MINCOAINT,2031,130204.97638235829
GLOBAL,MINCOAINT,2032,135761.96770896146
GLOBAL,MINCOAINT,2033,141568.4621763783
GLOBAL,MINCOAINT,2034,148008.9789260675
GLOBAL,MINCOAINT,2035,154402.92501254415
GLOBAL,MINCOAINT,2036,161319.70353962702
GLOBAL,MINCOAINT,2037,169350.56684634762
GLOBAL,MINCOAINT,2038,177413.88810364337
GLOBAL,MINCOAINT,2039,185480.34932808587
GLOBAL,MINCOAINT,2040,193792.46648751444
GLOBAL,MINCOAINT,2041,202033.07280801257
GLOBAL,MINCOAINT,2042,211105.44732419818
GLOBAL,MINCOAINT,2043,220425.8319528577
GLOBAL,MINCOAINT,2044,230447.8125261511
GLOBAL,MINCOAINT,2045,241078.71697329954
GLOBAL,MINCOAINT,2046,252086.49667825006
GLOBAL,MINCOAINT,2047,263500.02255188674
GLOBAL,MINCOAINT,2048,275409.5044348008
GLOBAL,MINCOAINT,2049,289047.41720374697
GLOBAL,MINCOAINT,2050,303349.0468050812
GLOBAL,MINGASINT,2023,3652.07388878784
GLOBAL,MINGASINT,2024,828.3815895909702
GLOBAL,MINGASINT,2025,766.2378689404395
GLOBAL,MINGASINT,2026,872.7661291377037
GLOBAL,MINGASINT,2027,786.2262440940063
GLOBAL,MINGASINT,2028,765.4684181666111
GLOBAL,MINGASINT,2029,1536.5929942998907
GLOBAL,MINGASINT,2030,2895.706528557764
GLOBAL,MINGASINT,2031,4712.190637190521
GLOBAL,MINGASINT,2032,6659.6463164694715
GLOBAL,MINGASINT,2033,9272.564030455957
GLOBAL,MINGASINT,2034,10660.532813040578
GLOBAL,MINGASINT,2035,10463.139485752994
GLOBAL,MINGASINT,2036,11631.97741825889
GLOBAL,MINGASINT,2037,12450.366829478564
GLOBAL,MINGASINT,2038,13208.243314706999
GLOBAL,MINGASINT,2039,14024.539921584039
GLOBAL,MINGASINT,2040,14991.859760547097
GLOBAL,MINGASINT,2041,15918.09110639558
GLOBAL,MINGASINT,2042,16723.074195688067
GLOBAL,MINGASINT,2043,17544.726586607427
GLOBAL,MINGASINT,2044,18454.6168719405
GLOBAL,MINGASINT,2045,19277.967485819627
GLOBAL,MINGASINT,2046,20096.169061865712
GLOBAL,MINGASINT,2047,20997.176793141687
GLOBAL,MINGASINT,2048,21983.810795737572
GLOBAL,MINGASINT,2049,23425.740432636
GLOBAL,MINGASINT,2050,27049.895552732345
GLOBAL,MINOILINT,2023,242.37103030689343
GLOBAL,MINOILINT,2024,429.3637526182372
GLOBAL,MINOILINT,2025,175.05645700878068
GLOBAL,MINOILINT,2026,43.47046414775247
GLOBAL,MINOILINT,2027,9.595116282701339
GLOBAL,MINOILINT,2028,9.405465261635566
GLOBAL,MINOILINT,2029,11.81337959854456
GLOBAL,MINOILINT,2030,12.486892572948454
GLOBAL,MINOILINT,2031,18.98099997436303
GLOBAL,MINOILINT,2032,35.022715891908035
GLOBAL,MINOILINT,2033,245.71923758206668
GLOBAL,MINOILINT,2034,532.8098923432833
GLOBAL,MINOILINT,2035,514.6508515213417
GLOBAL,MINOILINT,2036,639.2588250456772
GLOBAL,MINOILINT,2037,714.7852859890477
GLOBAL,MINOILINT,2038,790.8435746175746
GLOBAL,MINOILINT,2039,902.6636158937166
GLOBAL,MINOILINT,2040,1042.2317289897837
GLOBAL,MINOILINT,2041,1152.5201778540752
GLOBAL,MINOILINT,2042,1217.9617310334145
GLOBAL,MINOILINT,2043,1288.0496219807972
GLOBAL,MINOILINT,2044,1355.6434580341484
GLOBAL,MINOILINT,2045,1418.2257786325906
GLOBAL,MINOILINT,2046,1467.1941206123415
GLOBAL,MINOILINT,2047,1561.7183099592908
GLOBAL,MINOILINT,2048,1610.937028772043
GLOBAL,MINOILINT,2049,1698.0564045393978
GLOBAL,MINOILINT,2050,1794.1117826595141
GLOBAL,MINPETINT,2031,12.2882429545153
GLOBAL,MINPETINT,2032,30.070989911313717
GLOBAL,MINPETINT,2033,101.20197773850731
GLOBAL,MINPETINT,2034,448.7451599626655
GLOBAL,MINPETINT,2035,334.36495736028036
GLOBAL,MINPETINT,2036,542.8507851317124
GLOBAL,MINPETINT,2037,632.0727688013975
GLOBAL,MINPETINT,2038,715.6515566416663
GLOBAL,MINPETINT,2039,801.775761942343
GLOBAL,MINPETINT,2040,905.2769564144054
GLOBAL,MINPETINT,2041,998.0373925780686
GLOBAL,MINPETINT,2042,1084.1615978787497
GLOBAL,MINPETINT,2043,1173.6039186109333
GLOBAL,MINPETINT,2044,1263.0462393431085
GLOBAL,MINPETINT,2045,1352.4885600752882
GLOBAL,MINPETINT,2046,1412.4649965223625
GLOBAL,MINPETINT,2047,1451.6489291537673
GLOBAL,MINPETINT,2048,1540.6650684260924
GLOBAL,MINPETINT,2049,1603.9001126158032
GLOBAL,MINPETINT,2050,1679.3978883789864
GLOBAL,MINURNINT,2023,1225.4000825392632
GLOBAL,MINURNINT,2024,1520.0039553240708
GLOBAL,MINURNINT,2025,2388.924013851912
GLOBAL,MINURNINT,2026,2504.747256947535
GLOBAL,MINURNINT,2027,2593.3921746830956
GLOBAL,MINURNINT,2028,2685.7558867867892
GLOBAL,MINURNINT,2029,3003.147614047695
GLOBAL,MINURNINT,2030,3079.751501560444
GLOBAL,MINURNINT,2031,3154.6680066065937
GLOBAL,MINURNINT,2032,3250.7341307243796
GLOBAL,MINURNINT,2033,3346.800254842163
GLOBAL,MINURNINT,2034,3442.8663789599455
GLOBAL,MINURNINT,2035,3538.932503077731
GLOBAL,MINURNINT,2036,3634.998627195514
GLOBAL,MINURNINT,2037,3739.1903989194407
GLOBAL,MINURNINT,2038,3843.3821706433673
GLOBAL,MINURNINT,2039,3947.5739423672953
GLOBAL,MINURNINT,2040,4049.652390419462
GLOBAL,MINURNINT,2041,4153.762250373167
GLOBAL,MINURNINT,2042,4270.502905295288
GLOBAL,MINURNINT,2043,4391.8633840580005
GLOBAL,MINURNINT,2044,4517.6962454749
GLOBAL,MINURNINT,2045,4647.935960129807
GLOBAL,MINURNINT,2046,4784.22076342719
GLOBAL,MINURNINT,2047,4925.878978851214
GLOBAL,MINURNINT,2048,5073.139959358507
GLOBAL,MINURNINT,2049,5226.216675551646
GLOBAL,MINURNINT,2050,5385.322098033214
GLOBAL,PWRLDSINDEA,2031,7.889077859631142e-05
GLOBAL,PWRLDSINDEA,2032,7.889077859631142e-05
GLOBAL,PWRLDSINDEA,2033,7.889077859631142e-05
GLOBAL,PWRLDSINDEA,2034,7.889077859631142e-05
GLOBAL,PWRLDSINDEA,2035,7.889035479283149e-05
GLOBAL,PWRLDSINDEA,2036,7.889077859631142e-05
GLOBAL,PWRLDSINDEA,2037,7.889077859631142e-05
GLOBAL,PWRLDSINDEA,2038,0.00013663624444948763
GLOBAL,PWRLDSINDEA,2039,7.889077859631142e-05
GLOBAL,PWRLDSINDEA,2040,7.889077859631142e-05
GLOBAL,PWRLDSINDEA,2041,7.889077859631142e-05
GLOBAL,PWRLDSINDEA,2042,7.889077859631142e-05
GLOBAL,PWRLDSINDEA,2043,7.889077859631142e-05
GLOBAL,PWRLDSINDEA,2044,7.88913405903864e-05
GLOBAL,PWRLDSINDEA,2045,7.889077859631142e-05
GLOBAL,PWRLDSINDEA,2046,7.889077859631142e-05
GLOBAL,PWRLDSINDEA,2047,7.889077859631142e-05
GLOBAL,PWRLDSINDEA,2048,7.889077859631142e-05
GLOBAL,PWRLDSINDEA,2049,7.889077859631142e-05
GLOBAL,PWRLDSINDEA,2050,7.889077859631142e-05
GLOBAL,PWRLDSINDNE,2037,-5.369959467316221e-16
GLOBAL,PWRLDSINDNO,2031,0.0003800632414760636
GLOBAL,PWRLDSINDNO,2032,0.00038006203011820634
GLOBAL,PWRLDSINDNO,2033,0.0005050578550256039
GLOBAL,PWRLDSINDNO,2034,0.0005050590663748574
GLOBAL,PWRLDSINDNO,2035,0.00038587190599389306
GLOBAL,PWRLDSINDNO,2036,0.0005050590663748574
GLOBAL,PWRLDSINDNO,2037,0.0005050590663820246
GLOBAL,PWRLDSINDNO,2038,0.0005050536394124342
GLOBAL,PWRLDSINDNO,2039,0.0005050545186947765
GLOBAL,PWRLDSINDNO,2040,0.0005050545186899614
GLOBAL,PWRLDSINDNO,2041,0.000505054321819423
GLOBAL,PWRLDSINDNO,2042,0.0005050578778058291
GLOBAL,PWRLDSINDNO,2043,0.0005050590663748574
GLOBAL,PWRLDSINDNO,2044,0.0005050536394214379
GLOBAL,PWRLDSINDNO,2045,0.0005050584161442442
GLOBAL,PWRLDSINDNO,2046,0.0005050539691543478
GLOBAL,PWRLDSINDNO,2047,0.000505053833824689
GLOBAL,PWRLDSINDNO,2048,0.0005050579807372582
GLOBAL,PWRLDSINDNO,2049,0.0005050580046029109
GLOBAL,PWRLDSINDNO,2050,0.0005050600875523355
GLOBAL,PWRLDSINDSO,2031,0.00099956313920289
GLOBAL,PWRLDSINDSO,2032,0.0009995631392014552
GLOBAL,PWRLDSINDSO,2033,0.0006654766987854489
GLOBAL,PWRLDSINDSO,2034,0.0006654765546850709
GLOBAL,PWRLDSINDSO,2035,0.00046518272982586036
GLOBAL,PWRLDSINDSO,2036,0.0006654690686603
GLOBAL,PWRLDSINDSO,2037,0.0006654747442402526
GLOBAL,PWRLDSINDSO,2038,0.0006654689546992602
GLOBAL,PWRLDSINDSO,2039,0.0006654690686604928
GLOBAL,PWRLDSINDSO,2040,0.0006654765546850709
GLOBAL,PWRLDSINDSO,2041,0.00024291159410327526
GLOBAL,PWRLDSINDSO,2042,0.0002429115941113187
GLOBAL,PWRLDSINDSO,2043,5.843729984996281e-05
GLOBAL,PWRLDSINDSO,2044,5.8437613775045494e-05
GLOBAL,PWRLDSINDSO,2045,5.8437613775045494e-05
GLOBAL,PWRLDSINDSO,2046,5.8437613775045494e-05
GLOBAL,PWRLDSINDSO,2047,5.8437613775045494e-05
GLOBAL,PWRLDSINDWE,2031,0.0007337030859883892
GLOBAL,PWRLDSINDWE,2032,0.0009776879919951894
GLOBAL,PWRLDSINDWE,2033,0.0009809421567597662
GLOBAL,PWRLDSINDWE,2034,0.0009809421567750745
GLOBAL,PWRLDSINDWE,2035,0.0007532005231722266
GLOBAL,PWRLDSINDWE,2036,0.0009798126743591588
GLOBAL,PWRLDSINDWE,2037,0.0009798031356145793
GLOBAL,PWRLDSINDWE,2038,0.0009798047001625867
GLOBAL,PWRLDSINDWE,2039,0.000979804060454306
GLOBAL,PWRLDSINDWE,2040,0.000979803359753622
GLOBAL,PWRLDSINDWE,2041,0.0009798041416854357
GLOBAL,PWRLDSINDWE,2042,0.0009798040604656584
GLOBAL,PWRLDSINDWE,2043,0.000979803359731339
GLOBAL,PWRLDSINDWE,2044,0.0009798033597392022
GLOBAL,PWRLDSINDWE,2045,0.0009798125351294941
GLOBAL,PWRLDSINDWE,2046,0.0009798145379405503
GLOBAL,PWRLDSINDWE,2047,0.0009798041417013968
GLOBAL,PWRLDSINDWE,2048,0.0009798057662491837
GLOBAL,PWRLDSINDWE,2049,0.000979805348907169
GLOBAL,PWRLDSINDWE,2050,0.0007485921379320821
GLOBAL,PWRLDSNPLXX,2041,-1.5210759242926016e-15
GLOBAL,RNWBIOBGDXX,2024,0.037035952471756804
GLOBAL,RNWBIOBGDXX,2025,0.07407190494351358
GLOBAL,RNWBIOBGDXX,2026,0.1116633967023467
GLOBAL,RNWBIOBGDXX,2027,0.1496252479858975
GLOBAL,RNWBIOBGDXX,2028,0.18795745879416556
GLOBAL,RNWBIOBGDXX,2029,0.22666002912715144
GLOBAL,RNWBIOBGDXX,2030,0.26573295898485494
GLOBAL,RNWBIOBGDXX,2031,0.3051762483672759
GLOBAL,RNWBIOBGDXX,2032,0.3449898972744146
GLOBAL,RNWBIOBGDXX,2033,0.38517390570627064
GLOBAL,RNWBIOBGDXX,2034,0.4257282736628444
GLOBAL,RNWBIOBGDXX,2035,0.46665300114413555
GLOBAL,RNWBIOBGDXX,2036,0.5079480881501441
GLOBAL,RNWBIOBGDXX,2037,0.5496135346808709
GLOBAL,RNWBIOBGDXX,2038,0.5916493407363148
GLOBAL,RNWBIOBGDXX,2039,0.6340555063164766
GLOBAL,RNWBIOBGDXX,2040,0.6768320314213554
GLOBAL,RNWBIOBGDXX,2041,0.7199789160509521
GLOBAL,RNWBIOBGDXX,2042,0.7634961602052663
GLOBAL,RNWBIOBGDXX,2043,0.8073837638842984
GLOBAL,RNWBIOBGDXX,2044,0.8516417270880478
GLOBAL,RNWBIOBGDXX,2045,0.896270049816515
GLOBAL,RNWBIOBGDXX,2046,0.9412687320696992
GLOBAL,RNWBIOBGDXX,2047,1.0277476810912516
GLOBAL,RNWBIOBGDXX,2048,1.114967349162239
GLOBAL,RNWBIOBGDXX,2049,1.2029277362826614
GLOBAL,RNWBIOBGDXX,2050,1.2916288424525189
GLOBAL,RNWBIOINDEA,2024,12.629259792869068
GLOBAL,RNWBIOINDEA,2025,26.962173399438942
GLOBAL,RNWBIOINDEA,2026,41.8365526311459
GLOBAL,RNWBIOINDEA,2027,57.86756465854584
GLOBAL,RNWBIOINDEA,2028,74.65670263304261
GLOBAL,RNWBIOINDEA,2029,95.00832887579772
GLOBAL,RNWBIOINDEA,2030,109.51994095304381
GLOBAL,RNWBIOINDEA,2031,123.74896871293045
GLOBAL,RNWBIOINDEA,2032,143.2474717904986
GLOBAL,RNWBIOINDEA,2033,162.92856211375255
GLOBAL,RNWBIOINDEA,2034,182.7922396826922
GLOBAL,RNWBIOINDEA,2035,202.8385044973177
GLOBAL,RNWBIOINDEA,2036,223.06735655762893
GLOBAL,RNWBIOINDEA,2037,245.99131487930984
GLOBAL,RNWBIOINDEA,2038,269.1215634562584
GLOBAL,RNWBIOINDEA,2039,292.4581022884748
GLOBAL,RNWBIOINDEA,2040,316.00093137595877
GLOBAL,RNWBIOINDEA,2041,339.75005071871055
GLOBAL,RNWBIOINDEA,2042,366.8398129744146
GLOBAL,RNWBIOINDEA,2043,395.3354599859467
GLOBAL,RNWBIOINDEA,2044,425.33421112854495
GLOBAL,RNWBIOINDEA,2045,456.853288120109
GLOBAL,RNWBIOINDEA,2046,489.99176213350034
GLOBAL,RNWBIOINDEA,2047,524.8501857796803
GLOBAL,RNWBIOINDEA,2048,561.4892980207021
GLOBAL,RNWBIOINDEA,2049,600.0120588044376
GLOBAL,RNWBIOINDEA,2050,640.4812440703263
GLOBAL,RNWBIOINDNE,2024,0.33332357224581105
GLOBAL,RNWBIOINDNE,2025,0.7036830969633792
GLOBAL,RNWBIOINDNE,2026,1.1166339670234673
GLOBAL,RNWBIOINDNE,2027,1.533658791855449
GLOBAL,RNWBIOINDNE,2028,1.9547575714593242
GLOBAL,RNWBIOINDNE,2029,2.4554836488774767
GLOBAL,RNWBIOINDNE,2030,2.9230625488334057
GLOBAL,RNWBIOINDNE,2031,3.395085763085947
GLOBAL,RNWBIOINDNE,2032,3.9482177132516334
GLOBAL,RNWBIOINDNE,2033,4.506534696763369
GLOBAL,RNWBIOINDNE,2034,5.070036713621149
GLOBAL,RNWBIOINDNE,2035,5.638723763824975
GLOBAL,RNWBIOINDNE,2036,6.212595847374847
GLOBAL,RNWBIOINDNE,2037,6.870169183510888
GLOBAL,RNWBIOINDNE,2038,7.533668272042411
GLOBAL,RNWBIOINDNE,2039,8.20309311296942
GLOBAL,RNWBIOINDNE,2040,8.878443706291904
GLOBAL,RNWBIOINDNE,2041,9.559720052009874
GLOBAL,RNWBIOINDNE,2042,10.36747417541888
GLOBAL,RNWBIOINDNE,2043,11.222634317991751
GLOBAL,RNWBIOINDNE,2044,12.085201651058961
GLOBAL,RNWBIOINDNE,2045,12.995915722339465
GLOBAL,RNWBIOINDNE,2046,13.955332071120324
GLOBAL,RNWBIOINDNE,2047,14.964006236688618
GLOBAL,RNWBIOINDNE,2048,16.063788845337438
GLOBAL,RNWBIOINDNE,2049,17.214310708872567
GLOBAL,RNWBIOINDNE,2050,18.416127366581073
GLOBAL,RNWBIOINDNO,2023,1053.314093567974
GLOBAL,RNWBIOINDNO,2024,1117.2424868965047
GLOBAL,RNWBIOINDNO,2025,1184.8219994632593
GLOBAL,RNWBIOINDNO,2026,1263.6919221410294
GLOBAL,RNWBIOINDNO,2027,1347.7947776603241
GLOBAL,RNWBIOINDNO,2028,1436.682796814567
GLOBAL,RNWBIOINDNO,2029,1540.346354619347
GLOBAL,RNWBIOINDNO,2030,1621.7401134705397
GLOBAL,RNWBIOINDNO,2031,1704.481067707317
GLOBAL,RNWBIOINDNO,2032,1801.174706499647
GLOBAL,RNWBIOINDNO,2033,1898.7226395804043
GLOBAL,RNWBIOINDNO,2034,1997.1248669495847
GLOBAL,RNWBIOINDNO,2035,2096.3813886071916
GLOBAL,RNWBIOINDNO,2036,2196.492204553222
GLOBAL,RNWBIOINDNO,2037,2305.376862868664
GLOBAL,RNWBIOINDNO,2038,2415.1905281902737
GLOBAL,RNWBIOINDNO,2039,2525.9332005180568
GLOBAL,RNWBIOINDNO,2040,2633.134794284654
GLOBAL,RNWBIOINDNO,2041,2745.532133567204
GLOBAL,RNWBIOINDNO,2042,2871.2913860285666
GLOBAL,RNWBIOINDNO,2043,3002.7724156294607
GLOBAL,RNWBIOINDNO,2044,3138.6329289499417
GLOBAL,RNWBIOINDNO,2045,3278.1371240435337
GLOBAL,RNWBIOINDNO,2046,3427.7821337879955
GLOBAL,RNWBIOINDNO,2047,3584.1252570016172
GLOBAL,RNWBIOINDNO,2048,3747.429002396295
GLOBAL,RNWBIOINDNO,2049,3918.034986267421
GLOBAL,RNWBIOINDNO,2050,4096.251525350664
GLOBAL,RNWBIOINDSO,2023,1324.5851888898806
GLOBAL,RNWBIOINDSO,2024,1404.5347095822017
GLOBAL,RNWBIOINDSO,2025,1489.4368554501536
GLOBAL,RNWBIOINDSO,2026,1590.818209928809
GLOBAL,RNWBIOINDSO,2027,1694.2625376009228
GLOBAL,RNWBIOINDSO,2028,1802.6213217208087
GLOBAL,RNWBIOINDSO,2029,1927.8797290245786
GLOBAL,RNWBIOINDSO,2030,2027.8663423306532
GLOBAL,RNWBIOINDSO,2031,2126.4349408496005
GLOBAL,RNWBIOINDSO,2032,2243.7860910637514
GLOBAL,RNWBIOINDSO,2033,2362.17133451946
GLOBAL,RNWBIOINDSO,2034,2481.5906712167284
GLOBAL,RNWBIOINDSO,2035,2602.0441011555545
GLOBAL,RNWBIOINDSO,2036,2723.5316243359384
GLOBAL,RNWBIOINDSO,2037,2853.631874410096
GLOBAL,RNWBIOINDSO,2038,2984.837714269699
GLOBAL,RNWBIOINDSO,2039,3117.1491439147494
GLOBAL,RNWBIOINDSO,2040,3247.7640201537706
GLOBAL,RNWBIOINDSO,2041,3382.1931625336947
GLOBAL,RNWBIOINDSO,2042,3532.029810121653
GLOBAL,RNWBIOINDSO,2043,3688.3391291985463
GLOBAL,RNWBIOINDSO,2044,3851.3970517384423
GLOBAL,RNWBIOINDSO,2045,4021.483233493742
GLOBAL,RNWBIOINDSO,2046,4198.922201745689
GLOBAL,RNWBIOINDSO,2047,4384.001618370086
GLOBAL,RNWBIOINDSO,2048,4577.054389149416
GLOBAL,RNWBIOINDSO,2049,4778.417888400154
GLOBAL,RNWBIOINDSO,2050,4988.475851478949
GLOBAL,RNWBIOINDWE,2023,1151.7979387912694
GLOBAL,RNWBIOINDWE,2024,1222.527021049151
GLOBAL,RNWBIOINDWE,2025,1299.916519827839
GLOBAL,RNWBIOINDWE,2026,1394.1190291284804
GLOBAL,RNWBIOINDWE,2027,1486.0600242741034
GLOBAL,RNWBIOINDWE,2028,1581.9155278567268
GLOBAL,RNWBIOINDWE,2029,1699.4870167592342
GLOBAL,RNWBIOINDWE,2030,1770.7729628188413
GLOBAL,RNWBIOINDWE,2031,1839.9835836398065
GLOBAL,RNWBIOINDWE,2032,1940.8031789105933
GLOBAL,RNWBIOINDWE,2033,2042.5105774289839
GLOBAL,RNWBIOINDWE,2034,2145.1057791949775
GLOBAL,RNWBIOINDWE,2035,2248.5887842085726
GLOBAL,RNWBIOINDWE,2036,2352.959592469772
GLOBAL,RNWBIOINDWE,2037,2467.9257610576497
GLOBAL,RNWBIOINDWE,2038,2583.8713136202914
GLOBAL,RNWBIOINDWE,2039,2700.7962501576967
GLOBAL,RNWBIOINDWE,2040,2818.7005706698656
GLOBAL,RNWBIOINDWE,2041,2937.5842751567993
GLOBAL,RNWBIOINDWE,2042,3070.4633690744554
GLOBAL,RNWBIOINDWE,2043,3209.1854647580917
GLOBAL,RNWBIOINDWE,2044,3354.023033792651
GLOBAL,RNWBIOINDWE,2045,3505.252332090642
GLOBAL,RNWBIOINDWE,2046,3663.1533998921454
GLOBAL,RNWBIOINDWE,2047,3828.010061764812
GLOBAL,RNWBIOINDWE,2048,4000.10992660385
GLOBAL,RNWBIOINDWE,2049,4179.786772100823
GLOBAL,RNWBIOINDWE,2050,4367.378917140363
GLOBAL,RNWBIOLKAXX,2023,16.828652409237502
GLOBAL,RNWBIOLKAXX,2024,18.167295214517758
GLOBAL,RNWBIOLKAXX,2025,22.030235881183646
GLOBAL,RNWBIOLKAXX,2026,27.982989201578466
GLOBAL,RNWBIOLKAXX,2027,35.9253481999927
GLOBAL,RNWBIOLKAXX,2028,43.94496601174023
GLOBAL,RNWBIOLKAXX,2029,42.75189790853294
GLOBAL,RNWBIOLKAXX,2030,49.46687543521936
GLOBAL,RNWBIOLKAXX,2031,56.245320370683174
GLOBAL,RNWBIOLKAXX,2032,55.93566815126147
GLOBAL,RNWBIOLKAXX,2033,58.98070284997064
GLOBAL,RNWBIOLKAXX,2034,56.266645970193274
GLOBAL,RNWBIOLKAXX,2035,58.02154446975595
GLOBAL,RNWBIOLKAXX,2036,61.57926569843718
GLOBAL,RNWBIOLKAXX,2037,65.47700059195866
GLOBAL,RNWBIOLKAXX,2038,67.35855790613434
GLOBAL,RNWBIOLKAXX,2039,84.34482340572544
GLOBAL,RNWBIOLKAXX,2040,86.83584643166552
GLOBAL,RNWBIOLKAXX,2041,89.42898878017982
GLOBAL,RNWBIOLKAXX,2042,92.08389993242348
GLOBAL,RNWBIOLKAXX,2043,94.80115359245599
GLOBAL,RNWBIOLKAXX,2044,97.6232038606732
GLOBAL,RNWBIOLKAXX,2045,100.42498325212483
GLOBAL,RNWBIOLKAXX,2046,103.29044379417044
GLOBAL,RNWBIOLKAXX,2047,106.22015919086954
GLOBAL,RNWBIOLKAXX,2048,109.08676714103393
GLOBAL,RNWBIOLKAXX,2049,112.06046651562077
GLOBAL,RNWBIOLKAXX,2050,115.14240472274885
GLOBAL,RNWBIONPLXX,2024,0.18517976235878372
GLOBAL,RNWBIONPLXX,2025,0.370359524717568
GLOBAL,RNWBIONPLXX,2026,0.5583169835117338
GLOBAL,RNWBIONPLXX,2027,0.7855325519259615
GLOBAL,RNWBIONPLXX,2028,1.014970277488495
GLOBAL,RNWBIONPLXX,2029,1.2844068317205255
GLOBAL,RNWBIONPLXX,2030,1.5943977539091303
GLOBAL,RNWBIONPLXX,2031,1.907351552295475
GLOBAL,RNWBIONPLXX,2032,2.2616004376878296
GLOBAL,RNWBIONPLXX,2033,2.657699949373269
GLOBAL,RNWBIONPLXX,2034,2.902692774973939
GLOBAL,RNWBIONPLXX,2035,3.149907757722916
GLOBAL,RNWBIONPLXX,2036,3.399344897620197
GLOBAL,RNWBIONPLXX,2037,3.6510041946657874
GLOBAL,RNWBIONPLXX,2038,3.9048856488596786
GLOBAL,RNWBIONPLXX,2039,4.160989260201877
GLOBAL,RNWBIONPLXX,2040,4.419315028692379
GLOBAL,RNWBIONPLXX,2041,4.679862954331189
GLOBAL,RNWBIONPLXX,2042,4.942633037118303
GLOBAL,RNWBIONPLXX,2043,5.207625277053724
GLOBAL,RNWBIONPLXX,2044,5.474839674137449
GLOBAL,RNWBIONPLXX,2045,5.74427622836948
GLOBAL,RNWBIONPLXX,2046,6.015934939749815
GLOBAL,RNWBIONPLXX,2047,6.289815808278457
GLOBAL,RNWBIONPLXX,2048,6.565918833955403
GLOBAL,RNWBIONPLXX,2049,6.844244016780657
GLOBAL,RNWBIONPLXX,2050,7.124791356754214
GLOBAL,TRNBGDXXINDEA,2023,162.69382344458324
GLOBAL,TRNBGDXXINDEA,2024,271.12882300725056
GLOBAL,TRNBGDXXINDEA,2025,222.79854598660006
GLOBAL,TRNBGDXXINDEA,2026,256.01779934516134
GLOBAL,TRNBGDXXINDEA,2027,292.8705131302737
GLOBAL,TRNBGDXXINDEA,2028,334.92851565317596
GLOBAL,TRNBGDXXINDEA,2029,352.14409160942546
GLOBAL,TRNBGDXXINDEA,2030,386.0600182347148
GLOBAL,TRNBGDXXINDEA,2031,400.2538778120554
GLOBAL,TRNBGDXXINDEA,2032,425.27993423716015
GLOBAL,TRNBGDXXINDEA,2033,417.4447181347398
GLOBAL,TRNBGDXXINDEA,2034,429.066140587427
GLOBAL,TRNBGDXXINDEA,2035,468.1181378026776
GLOBAL,TRNBGDXXINDEA,2036,475.0214373050959
GLOBAL,TRNBGDXXINDEA,2037,506.8561188651367
GLOBAL,TRNBGDXXINDEA,2038,545.711436615142
GLOBAL,TRNBGDXXINDEA,2039,585.4824359996617
GLOBAL,TRNBGDXXINDEA,2040,625.6402124127396
GLOBAL,TRNBGDXXINDEA,2041,667.5343829674275
GLOBAL,TRNBGDXXINDEA,2042,703.028934168418
GLOBAL,TRNBGDXXINDEA,2043,739.9231697805819
GLOBAL,TRNBGDXXINDEA,2044,777.3064986274861
GLOBAL,TRNBGDXXINDEA,2045,817.9106263760486
GLOBAL,TRNBGDXXINDEA,2046,860.247778986059
GLOBAL,TRNBGDXXINDEA,2047,906.6682485542574
GLOBAL,TRNBGDXXINDEA,2048,953.3793168724198
GLOBAL,TRNBGDXXINDEA,2049,995.6988525227177
GLOBAL,TRNBGDXXINDEA,2050,985.9013027121764
GLOBAL,TRNBGDXXINDNE,2023,5.194193561544959
GLOBAL,TRNBGDXXINDNE,2024,2.479603393461901
GLOBAL,TRNBGDXXINDNE,2025,0.15615910399334398
GLOBAL,TRNBGDXXINDNE,2026,0.6246364159733759
GLOBAL,TRNBGDXXINDNE,2027,1.2838131910955954
GLOBAL,TRNBGDXXINDNE,2028,1.2805138097529776
GLOBAL,TRNBGDXXINDNE,2029,8.777814998587237
GLOBAL,TRNBGDXXINDNE,2030,3.904867858079739
GLOBAL,TRNBGDXXINDNE,2031,18.416648248557333
GLOBAL,TRNBGDXXINDNE,2032,43.667802087431184
GLOBAL,TRNBGDXXINDNE,2033,44.01441450825166
GLOBAL,TRNBGDXXINDNE,2034,45.67749932704287
GLOBAL,TRNBGDXXINDNE,2035,43.32647225465114
GLOBAL,TRNBGDXXINDNE,2036,45.66059711438103
GLOBAL,TRNBGDXXINDNE,2037,46.193016589667934
GLOBAL,TRNBGDXXINDNE,2038,46.64812820442833
GLOBAL,TRNBGDXXINDNE,2039,47.1961515738558
GLOBAL,TRNBGDXXINDNE,2040,46.79338831462862
GLOBAL,TRNBGDXXINDNE,2041,46.385345022825746
GLOBAL,TRNBGDXXINDNE,2042,45.15020047589052
GLOBAL,TRNBGDXXINDNE,2043,43.44262796013519
GLOBAL,TRNBGDXXINDNE,2044,42.20954987321115
GLOBAL,TRNBGDXXINDNE,2045,42.176468520504905
GLOBAL,TRNBGDXXINDNE,2046,41.839643347308666
GLOBAL,TRNBGDXXINDNE,2047,42.39467477603859
GLOBAL,TRNBGDXXINDNE,2048,42.38369309404857
GLOBAL,TRNBGDXXINDNE,2049,43.57662345589132
GLOBAL,TRNBGDXXINDNE,2050,45.12355075989876
GLOBAL,TRNBTNXXBGDXX,2034,10.940898449921399
GLOBAL,TRNBTNXXBGDXX,2035,31.272795454251057
GLOBAL,TRNBTNXXBGDXX,2036,43.31305211243582
GLOBAL,TRNBTNXXBGDXX,2037,51.56524143405254
GLOBAL,TRNBTNXXBGDXX,2038,53.69714600456175
GLOBAL,TRNBTNXXBGDXX,2039,56.07001750760649
GLOBAL,TRNBTNXXBGDXX,2040,58.704586974852525
GLOBAL,TRNBTNXXBGDXX,2041,61.6170286750066
GLOBAL,TRNBTNXXBGDXX,2042,64.68238799003763
GLOBAL,TRNBTNXXBGDXX,2043,68.01287071090681
GLOBAL,TRNBTNXXBGDXX,2044,71.56108312604134
GLOBAL,TRNBTNXXBGDXX,2045,75.91598861817644
GLOBAL,TRNBTNXXBGDXX,2046,82.0965961649577
GLOBAL,TRNBTNXXBGDXX,2047,88.48666616082639
GLOBAL,TRNBTNXXBGDXX,2048,97.06972578504862
GLOBAL,TRNBTNXXBGDXX,2049,104.69757627981583
GLOBAL,TRNBTNXXBGDXX,2050,106.67320091221298
GLOBAL,TRNBTNXXINDEA,2023,17.81000455261792
GLOBAL,TRNBTNXXINDEA,2024,19.235198095951013
GLOBAL,TRNBTNXXINDEA,2025,31.14399299689759
GLOBAL,TRNBTNXXINDEA,2026,34.69176532017813
GLOBAL,TRNBTNXXINDEA,2027,41.21763962577266
GLOBAL,TRNBTNXXINDEA,2028,48.95126303106159
GLOBAL,TRNBTNXXINDEA,2029,50.38208750360314
GLOBAL,TRNBTNXXINDEA,2030,100.47521095420068
GLOBAL,TRNBTNXXINDEA,2031,96.11066284653617
GLOBAL,TRNBTNXXINDEA,2032,97.02308378947224
GLOBAL,TRNBTNXXINDEA,2033,97.04266001765842
GLOBAL,TRNBTNXXINDEA,2034,94.72267981219817
GLOBAL,TRNBTNXXINDEA,2035,102.1385626111581
GLOBAL,TRNBTNXXINDEA,2036,96.73338146101122
GLOBAL,TRNBTNXXINDEA,2037,94.4587492030249
GLOBAL,TRNBTNXXINDEA,2038,94.25295791792844
GLOBAL,TRNBTNXXINDEA,2039,94.00819105302912
GLOBAL,TRNBTNXXINDEA,2040,93.72173085044427
GLOBAL,TRNBTNXXINDEA,2041,93.39051335419414
GLOBAL,TRNBTNXXINDEA,2042,92.46594366797241
GLOBAL,TRNBTNXXINDEA,2043,92.40041112186996
GLOBAL,TRNBTNXXINDEA,2044,92.51551650995748
GLOBAL,TRNBTNXXINDEA,2045,92.11240080883931
GLOBAL,TRNBTNXXINDEA,2046,89.90309432720332
GLOBAL,TRNBTNXXINDEA,2047,88.41970154651918
GLOBAL,TRNBTNXXINDEA,2048,85.15252431046848
GLOBAL,TRNBTNXXINDEA,2049,82.98707414529699
GLOBAL,TRNBTNXXINDEA,2050,85.30939506097168
GLOBAL,TRNBTNXXINDNE,2023,2.2125082060147667
GLOBAL,TRNBTNXXINDNE,2024,2.236083109878957
GLOBAL,TRNBTNXXINDNE,2025,2.4196929280188386
GLOBAL,TRNBTNXXINDNE,2026,0.5172395735920808
GLOBAL,TRNBTNXXINDNE,2027,1.0259563790332598
GLOBAL,TRNBTNXXINDNE,2028,1.628868568751424
GLOBAL,TRNBTNXXINDNE,2029,1.9228937349689263
GLOBAL,TRNBTNXXINDNE,2030,16.544157166960662
GLOBAL,TRNBTNXXINDNE,2031,22.616659023708895
GLOBAL,TRNBTNXXINDNE,2032,23.530984059479596
GLOBAL,TRNBTNXXINDNE,2033,25.46650705622332
GLOBAL,TRNBTNXXINDNE,2034,18.93814198349303
GLOBAL,TRNBTNXXINDNE,2035,29.990064383953527
GLOBAL,TRNBTNXXINDNE,2036,25.74974360099851
GLOBAL,TRNBTNXXINDNE,2037,22.33330773032999
GLOBAL,TRNBTNXXINDNE,2038,23.149924074307826
GLOBAL,TRNBTNXXINDNE,2039,23.955670386543417
GLOBAL,TRNBTNXXINDNE,2040,24.746021919809078
GLOBAL,TRNBTNXXINDNE,2041,25.52356619872102
GLOBAL,TRNBTNXXINDNE,2042,26.97719404400679
GLOBAL,TRNBTNXXINDNE,2043,27.558010052205805
GLOBAL,TRNBTNXXINDNE,2044,28.1674275702297
GLOBAL,TRNBTNXXINDNE,2045,29.09994199562252
GLOBAL,TRNBTNXXINDNE,2046,30.343734246052904
GLOBAL,TRNBTNXXINDNE,2047,31.296973005797216
GLOBAL,TRNBTNXXINDNE,2048,32.28301419120787
GLOBAL,TRNBTNXXINDNE,2049,33.11681642079961
GLOBAL,TRNBTNXXINDNE,2050,34.21668605075366
GLOBAL,TRNINDEAINDNE,2023,31.997897410648545
GLOBAL,TRNINDEAINDNE,2024,30.61454410606944
GLOBAL,TRNINDEAINDNE,2025,29.135423140167898
GLOBAL,TRNINDEAINDNE,2026,16.186157966973436
GLOBAL,TRNINDEAINDNE,2027,17.3500702790339
GLOBAL,TRNINDEAINDNE,2028,18.21306174395082
GLOBAL,TRNINDEAINDNE,2029,16.142718309769922
GLOBAL,TRNINDEAINDNE,2030,6.83071566918433
GLOBAL,TRNINDEAINDNE,2031,8.74659554966094
GLOBAL,TRNINDEAINDNE,2032,4.7788553759603385
GLOBAL,TRNINDEAINDNE,2033,6.015143570600042
GLOBAL,TRNINDEAINDNE,2034,3.9602287682033115
GLOBAL,TRNINDEAINDNE,2035,6.294539179931315
GLOBAL,TRNINDEAINDNE,2036,12.886219124482203
GLOBAL,TRNINDEAINDNE,2037,10.506196713117003
GLOBAL,TRNINDEAINDNE,2038,12.199313075279242
GLOBAL,TRNINDEAINDNE,2039,13.812440825432462
GLOBAL,TRNINDEAINDNE,2040,16.39922291405837
GLOBAL,TRNINDEAINDNE,2041,19.007017686263588
GLOBAL,TRNINDEAINDNE,2042,21.801017301130205
GLOBAL,TRNINDEAINDNE,2043,23.89400196546644
GLOBAL,TRNINDEAINDNE,2044,25.623317974061006
GLOBAL,TRNINDEAINDNE,2045,27.412974337325743
GLOBAL,TRNINDEAINDNE,2046,29.278551396234818
GLOBAL,TRNINDEAINDNE,2047,31.25847055479431
GLOBAL,TRNINDEAINDNE,2048,34.36897919271125
GLOBAL,TRNINDEAINDNE,2049,36.748331401214045
GLOBAL,TRNINDEAINDNE,2050,39.48764373761233
GLOBAL,TRNINDEAINDNO,2023,12.155518033125972
GLOBAL,TRNINDEAINDNO,2024,22.190882015079335
GLOBAL,TRNINDEAINDNO,2025,23.6960726712558
GLOBAL,TRNINDEAINDNO,2026,18.177275651679082
GLOBAL,TRNINDEAINDNO,2027,19.343158715996765
GLOBAL,TRNINDEAINDNO,2028,31.65124132073345
GLOBAL,TRNINDEAINDNO,2029,8.050157120458064
GLOBAL,TRNINDEAINDNO,2030,27.377769526677447
GLOBAL,TRNINDEAINDNO,2031,31.07307853273325
GLOBAL,TRNINDEAINDNO,2032,48.15802382480392
GLOBAL,TRNINDEAINDNO,2033,63.11078816406883
GLOBAL,TRNINDEAINDNO,2034,71.47255101849956
GLOBAL,TRNINDEAINDNO,2035,85.71819299309652
GLOBAL,TRNINDEAINDNO,2036,86.96318839025672
GLOBAL,TRNINDEAINDNO,2037,88.70445693070299
GLOBAL,TRNINDEAINDNO,2038,90.1015399854195
GLOBAL,TRNINDEAINDNO,2039,90.95286154291895
GLOBAL,TRNINDEAINDNO,2040,92.3326703764115
GLOBAL,TRNINDEAINDNO,2041,92.19236546490212
GLOBAL,TRNINDEAINDNO,2042,91.93128874097762
GLOBAL,TRNINDEAINDNO,2043,92.36107405033566
GLOBAL,TRNINDEAINDNO,2044,92.9799859824592
GLOBAL,TRNINDEAINDNO,2045,92.16172456783218
GLOBAL,TRNINDEAINDNO,2046,91.08775520912343
GLOBAL,TRNINDEAINDNO,2047,89.9516129006331
GLOBAL,TRNINDEAINDNO,2048,89.53172627939593
GLOBAL,TRNINDEAINDNO,2049,97.73392893550263
GLOBAL,TRNINDEAINDNO,2050,113.9975142775447
GLOBAL,TRNINDEAINDSO,2027,1.915026555193343
GLOBAL,TRNINDEAINDSO,2028,7.091698310126434
GLOBAL,TRNINDEAINDSO,2029,9.255920953258483
GLOBAL,TRNINDEAINDSO,2030,1.9278259102603226
GLOBAL,TRNINDEAINDSO,2031,2.209166160423825
GLOBAL,TRNINDEAINDSO,2032,9.515876476654366
GLOBAL,TRNINDEAINDSO,2033,41.458170532506216
GLOBAL,TRNINDEAINDSO,2034,94.71695345657037
GLOBAL,TRNINDEAINDSO,2035,37.92250485774395
GLOBAL,TRNINDEAINDSO,2036,43.03718859118223
GLOBAL,TRNINDEAINDSO,2037,75.66345706765698
GLOBAL,TRNINDEAINDSO,2038,109.71025054944933
GLOBAL,TRNINDEAINDSO,2039,145.26721295733967
GLOBAL,TRNINDEAINDSO,2040,180.11790693392533
GLOBAL,TRNINDEAINDSO,2041,218.06174444529876
GLOBAL,TRNINDEAINDSO,2042,228.44595963435884
GLOBAL,TRNINDEAINDSO,2043,228.44595963435884
GLOBAL,TRNINDEAINDSO,2044,228.44595963435884
GLOBAL,TRNINDEAINDSO,2045,228.44595963435884
GLOBAL,TRNINDEAINDSO,2046,228.44595963435884
GLOBAL,TRNINDEAINDSO,2047,228.44595963435884
GLOBAL,TRNINDEAINDSO,2048,228.44595963435884
GLOBAL,TRNINDEAINDSO,2049,228.44595963435884
GLOBAL,TRNINDEAINDSO,2050,228.44595963435884
GLOBAL,TRNINDEAINDWE,2027,1.7567502630254195
GLOBAL,TRNINDEAINDWE,2029,0.6076204606731355
GLOBAL,TRNINDEAINDWE,2031,21.913138732251674
GLOBAL,TRNINDEAINDWE,2032,16.383117322802985
GLOBAL,TRNINDEAINDWE,2035,0.8873854516503682
GLOBAL,TRNINDEAINDWE,2036,1.372293312355297
GLOBAL,TRNINDEAINDWE,2037,0.9534715387820706
GLOBAL,TRNINDEAINDWE,2038,0.5725081048303987
GLOBAL,TRNINDEAINDWE,2039,0.39871641742162917
GLOBAL,TRNINDEAINDWE,2042,16.215826279255943
GLOBAL,TRNINDEAINDWE,2043,44.61294786606533
GLOBAL,TRNINDEAINDWE,2044,72.61883964818783
GLOBAL,TRNINDEAINDWE,2045,100.46299878516406
GLOBAL,TRNINDEAINDWE,2046,127.97821650033534
GLOBAL,TRNINDEAINDWE,2047,155.6795735456415
GLOBAL,TRNINDEAINDWE,2048,183.3922876133285
GLOBAL,TRNINDEAINDWE,2049,210.72958226875156
GLOBAL,TRNINDEAINDWE,2050,185.5665319384187
GLOBAL,TRNINDEANPLXX,2023,9.44959233108911
GLOBAL,TRNINDEANPLXX,2024,9.529298106911748
GLOBAL,TRNINDEANPLXX,2025,5.0158413599335265
GLOBAL,TRNINDEANPLXX,2026,5.647568308521845
GLOBAL,TRNINDEANPLXX,2027,4.151951540470665
GLOBAL,TRNINDEANPLXX,2028,4.757744621228393
GLOBAL,TRNINDEANPLXX,2029,6.2571863818024145
GLOBAL,TRNINDEANPLXX,2030,10.863712829691536
GLOBAL,TRNINDEANPLXX,2031,22.957077829493702
GLOBAL,TRNINDEANPLXX,2032,23.23192256111789
GLOBAL,TRNINDEANPLXX,2033,5.960781375901953
GLOBAL,TRNINDEANPLXX,2034,5.574734458596549
GLOBAL,TRNINDEANPLXX,2035,4.674606648567058
GLOBAL,TRNINDEANPLXX,2036,6.818250613811411
GLOBAL,TRNINDEANPLXX,2037,7.440456182714272
GLOBAL,TRNINDEANPLXX,2038,8.062214260321714
GLOBAL,TRNINDEANPLXX,2039,8.661442269041672
GLOBAL,TRNINDEANPLXX,2040,9.246723128772274
GLOBAL,TRNINDEANPLXX,2041,9.900670516149786
GLOBAL,TRNINDEANPLXX,2042,10.417284848233468
GLOBAL,TRNINDEANPLXX,2043,12.80270109304156
GLOBAL,TRNINDEANPLXX,2044,16.470566254936315
GLOBAL,TRNINDEANPLXX,2045,19.21893449963225
GLOBAL,TRNINDEANPLXX,2046,20.874443618589865
GLOBAL,TRNINDEANPLXX,2047,22.647637874529256
GLOBAL,TRNINDEANPLXX,2048,23.310684901447466
GLOBAL,TRNINDEANPLXX,2049,23.45596144924521
GLOBAL,TRNINDEANPLXX,2050,20.953641606669205
GLOBAL,TRNINDNEINDNO,2029,3.2627631738274503
GLOBAL,TRNINDNEINDNO,2030,5.798997281861595
GLOBAL,TRNINDNEINDNO,2032,0.6307414203476793
GLOBAL,TRNINDNEINDNO,2033,2.224161736251758
GLOBAL,TRNINDNEINDNO,2034,4.353971826185596
GLOBAL,TRNINDNEINDNO,2035,6.969317939991365
GLOBAL,TRNINDNEINDNO,2036,0.7921800930284014
GLOBAL,TRNINDNEINDNO,2037,0.7441270230798473
GLOBAL,TRNINDNEINDNO,2038,0.6412182462198904
GLOBAL,TRNINDNEINDNO,2039,0.9089126353555975
GLOBAL,TRNINDNEINDNO,2040,1.1767310074270694
GLOBAL,TRNINDNEINDNO,2041,1.4444021779305727
GLOBAL,TRNINDNEINDNO,2042,1.7140173787179793
GLOBAL,TRNINDNEINDNO,2043,1.9843471150531726
GLOBAL,TRNINDNEINDNO,2044,2.2550703935642105
GLOBAL,TRNINDNEINDNO,2045,2.523119773239495
GLOBAL,TRNINDNEINDNO,2046,2.495504402163204
GLOBAL,TRNINDNEINDNO,2047,2.4692298662322574
GLOBAL,TRNINDNEINDNO,2048,1.9927969301597368
GLOBAL,TRNINDNEINDNO,2049,1.4554870764212244
GLOBAL,TRNINDNEINDNO,2050,1.6954338780486697
GLOBAL,TRNINDNOINDWE,2023,3.110913852475517
GLOBAL,TRNINDNOINDWE,2024,15.036982766033372
GLOBAL,TRNINDNOINDWE,2025,36.71041836604647
GLOBAL,TRNINDNOINDWE,2026,50.27018849172502
GLOBAL,TRNINDNOINDWE,2027,83.01487955085064
GLOBAL,TRNINDNOINDWE,2028,112.47790877035445
GLOBAL,TRNINDNOINDWE,2029,152.62655078611104
GLOBAL,TRNINDNOINDWE,2030,130.00999847058858
GLOBAL,TRNINDNOINDWE,2031,123.21231384971931
GLOBAL,TRNINDNOINDWE,2032,135.6087653967477
GLOBAL,TRNINDNOINDWE,2033,182.72040262954727
GLOBAL,TRNINDNOINDWE,2034,187.91077061719594
GLOBAL,TRNINDNOINDWE,2035,162.58255390351763
GLOBAL,TRNINDNOINDWE,2036,200.34472170016056
GLOBAL,TRNINDNOINDWE,2037,219.29924041345674
GLOBAL,TRNINDNOINDWE,2038,238.31964824727612
GLOBAL,TRNINDNOINDWE,2039,257.43601651714033
GLOBAL,TRNINDNOINDWE,2040,283.87983142142417
GLOBAL,TRNINDNOINDWE,2041,303.9886058205355
GLOBAL,TRNINDNOINDWE,2042,323.7880099046537
GLOBAL,TRNINDNOINDWE,2043,344.2927006803629
GLOBAL,TRNINDNOINDWE,2044,367.9957356885475
GLOBAL,TRNINDNOINDWE,2045,401.16509052084695
GLOBAL,TRNINDNOINDWE,2046,425.7471141831073
GLOBAL,TRNINDNOINDWE,2047,448.858999702497
GLOBAL,TRNINDNOINDWE,2048,472.4437652422896
GLOBAL,TRNINDNOINDWE,2049,498.1795543700093
GLOBAL,TRNINDNOINDWE,2050,574.6498025172544
GLOBAL,TRNINDNONPLXX,2023,4.996471781725303
GLOBAL,TRNINDNONPLXX,2024,5.493385758150676
GLOBAL,TRNINDNONPLXX,2025,14.286748350332184
GLOBAL,TRNINDNONPLXX,2026,13.92737866023904
GLOBAL,TRNINDNONPLXX,2027,16.58680833262096
GLOBAL,TRNINDNONPLXX,2028,17.26232340287813
GLOBAL,TRNINDNONPLXX,2029,17.05844389553566
GLOBAL,TRNINDNONPLXX,2030,14.057121901146154
GLOBAL,TRNINDNONPLXX,2031,3.3718265842563024
GLOBAL,TRNINDNONPLXX,2032,4.627312240385368
GLOBAL,TRNINDNONPLXX,2033,3.5037217114656496
GLOBAL,TRNINDNONPLXX,2034,3.882918136228657
GLOBAL,TRNINDNONPLXX,2035,16.06051708515477
GLOBAL,TRNINDNONPLXX,2036,4.752390204692857
GLOBAL,TRNINDNONPLXX,2037,5.521939732399483
GLOBAL,TRNINDNONPLXX,2038,6.2514764807480825
GLOBAL,TRNINDNONPLXX,2039,6.688337292229898
GLOBAL,TRNINDNONPLXX,2040,7.498827727625911
GLOBAL,TRNINDNONPLXX,2041,8.018377699292333
GLOBAL,TRNINDNONPLXX,2042,8.537927670958899
GLOBAL,TRNINDNONPLXX,2043,7.280519215061809
GLOBAL,TRNINDNONPLXX,2044,4.945338253961477
GLOBAL,TRNINDNONPLXX,2045,4.805755018760021
GLOBAL,TRNINDNONPLXX,2046,5.325304990426518
GLOBAL,TRNINDNONPLXX,2047,5.844854962093014
GLOBAL,TRNINDNONPLXX,2048,6.364404933759506
GLOBAL,TRNINDNONPLXX,2049,5.774963117594464
GLOBAL,TRNINDNONPLXX,2050,7.81185148494737
GLOBAL,TRNINDSOINDWE,2023,5.009308522827778
GLOBAL,TRNINDSOINDWE,2024,5.295719084898729
GLOBAL,TRNINDSOINDWE,2025,5.599844056331402
GLOBAL,TRNINDSOINDWE,2026,5.912618950311863
GLOBAL,TRNINDSOINDWE,2027,5.549479756535412
GLOBAL,TRNINDSOINDWE,2028,8.319844571522106
GLOBAL,TRNINDSOINDWE,2029,10.947240383079796
GLOBAL,TRNINDSOINDWE,2030,8.83898331208179
GLOBAL,TRNINDSOINDWE,2031,37.23400328651384
GLOBAL,TRNINDSOINDWE,2032,52.589475802609705
GLOBAL,TRNINDSOINDWE,2033,66.399341352927
GLOBAL,TRNINDSOINDWE,2034,51.68286381686704
GLOBAL,TRNINDSOINDWE,2035,52.83763985075957
GLOBAL,TRNINDSOINDWE,2036,53.49175394156093
GLOBAL,TRNINDSOINDWE,2037,53.962313066684395
GLOBAL,TRNINDSOINDWE,2038,53.94213218452341
GLOBAL,TRNINDSOINDWE,2039,52.08634165744594
GLOBAL,TRNINDSOINDWE,2040,53.70105660128236
GLOBAL,TRNINDSOINDWE,2041,57.02876671854959
GLOBAL,TRNINDSOINDWE,2042,59.40772295484422
GLOBAL,TRNINDSOINDWE,2043,60.221691087884885
GLOBAL,TRNINDSOINDWE,2044,62.27260648312841
GLOBAL,TRNINDSOINDWE,2045,65.85467000708478
GLOBAL,TRNINDSOINDWE,2046,68.74626554215052
GLOBAL,TRNINDSOINDWE,2047,70.44120488070858
GLOBAL,TRNINDSOINDWE,2048,70.72351871953933
GLOBAL,TRNINDSOINDWE,2049,69.54218550355348
GLOBAL,TRNINDSOINDWE,2050,71.62882509749649
GLOBAL,TRNINDSOLKAXX,2038,7.953182265884303
GLOBAL,TRNINDSOLKAXX,2039,18.63883637662906
GLOBAL,TRNINDSOLKAXX,2040,21.59935828515684
GLOBAL,TRNINDSOLKAXX,2041,20.105475184471146
GLOBAL,TRNINDSOLKAXX,2042,18.52459385881224
GLOBAL,TRNINDSOLKAXX,2043,18.07669206182951
GLOBAL,TRNINDSOLKAXX,2044,20.017111279146377
GLOBAL,TRNINDSOLKAXX,2045,21.593240728845068
GLOBAL,TRNINDSOLKAXX,2046,24.95394737912811
GLOBAL,TRNINDSOLKAXX,2047,30.515988052252407
GLOBAL,TRNINDSOLKAXX,2048,35.977505965311934
GLOBAL,TRNINDSOLKAXX,2049,42.34949411460062
GLOBAL,TRNINDSOLKAXX,2050,49.04926125377447
GLOBAL,TRNNPLXXBGDXX,2023,1.2985483903862398
GLOBAL,TRNNPLXXBGDXX,2024,0.746337551816695
GLOBAL,TRNNPLXXBGDXX,2025,0.039039775998335996
GLOBAL,TRNNPLXXBGDXX,2026,0.8580194317259057
GLOBAL,TRNNPLXXBGDXX,2027,0.9177514943932799
GLOBAL,TRNNPLXXBGDXX,2028,0.9471918079871998
GLOBAL,TRNNPLXXBGDXX,2029,0.9919921023797759
GLOBAL,TRNNPLXXBGDXX,2030,1.0505517663772799
GLOBAL,TRNNPLXXBGDXX,2031,0.9406378336368741
GLOBAL,TRNNPLXXBGDXX,2032,0.9651124863786239
GLOBAL,TRNNPLXXBGDXX,2033,21.35070747653699
GLOBAL,TRNNPLXXBGDXX,2034,19.52710644407659
GLOBAL,TRNNPLXXBGDXX,2035,13.22213116753777
GLOBAL,TRNNPLXXBGDXX,2036,19.757190398719874
GLOBAL,TRNNPLXXBGDXX,2037,19.87431671039041
GLOBAL,TRNNPLXXBGDXX,2038,19.97516239542333
GLOBAL,TRNNPLXXBGDXX,2039,20.076008080456198
GLOBAL,TRNNPLXXBGDXX,2040,20.176853765489064
GLOBAL,TRNNPLXXBGDXX,2041,20.277699450521915
GLOBAL,TRNNPLXXBGDXX,2042,20.378545135554795
GLOBAL,TRNNPLXXBGDXX,2043,20.446160843928595
GLOBAL,TRNNPLXXBGDXX,2044,20.30016349775568
GLOBAL,TRNNPLXXBGDXX,2045,18.871053054203067
GLOBAL,TRNNPLXXBGDXX,2046,18.215616458587615
GLOBAL,TRNNPLXXBGDXX,2047,18.237537669837344
GLOBAL,TRNNPLXXBGDXX,2048,18.259458881087074
GLOBAL,TRNNPLXXBGDXX,2049,19.92161256495784
GLOBAL,TRNNPLXXBGDXX,2050,22.177305310219854
