PARAMETER,Scenario,REGION,TECHNOLOGY,FUEL,EMISSION,MODE_OF_OPERATION,YEAR,TIMESLICE,SEASON,DAYTYPE,DAILYTIMEBRACKET,STORAGE,Value
CapacityToActivityUnit,B_Opt_SolarCapex130,GLOBAL,PWRBCKBGDXX,,,,,,,,,,31.536
CapacityToActivityUnit,B_Opt_SolarCapex130,GLOBAL,PWRBCKBTNXX,,,,,,,,,,31.536
CapacityToActivityUnit,B_Opt_SolarCapex130,GLOBAL,PWRBCKINDEA,,,,,,,,,,31.536
CapacityToActivityUnit,B_Opt_SolarCapex130,GLOBAL,PWRBCKINDNE,,,,,,,,,,31.536
CapacityToActivityUnit,B_Opt_SolarCapex130,GLOBAL,PWRBCKINDNO,,,,,,,,,,31.536
CapacityToActivityUnit,B_Opt_SolarCapex130,GLOBAL,PWRBCKINDSO,,,,,,,,,,31.536
CapacityToActivityUnit,B_Opt_SolarCapex130,GLOBAL,PWRBCKINDWE,,,,,,,,,,31.536
CapacityToActivityUnit,B_Opt_SolarCapex130,GLOBAL,PWRBCKLKAXX,,,,,,,,,,31.536
CapacityToActivityUnit,B_Opt_SolarCapex130,GLOBAL,PWRBCKMDVXX,,,,,,,,,,31.536
CapacityToActivityUnit,B_Opt_SolarCapex130,GLOBAL,PWRBCKNPLXX,,,,,,,,,,31.536
CapacityToActivityUnit,B_Opt_SolarCapex130,GLOBAL,PWRBIOBGDXX,,,,,,,,,,31.536
CapacityToActivityUnit,B_Opt_SolarCapex130,GLOBAL,PWRBIOINDEA,,,,,,,,,,31.536
CapacityToActivityUnit,B_Opt_SolarCapex130,GLOBAL,PWRBIOINDNE,,,,,,,,,,31.536
CapacityToActivityUnit,B_Opt_SolarCapex130,GLOBAL,PWRBIOINDNO,,,,,,,,,,31.536
CapacityToActivityUnit,B_Opt_SolarCapex130,GLOBAL,PWRBIOINDSO,,,,,,,,,,31.536
CapacityToActivityUnit,B_Opt_SolarCapex130,GLOBAL,PWRBIOINDWE,,,,,,,,,,31.536
CapacityToActivityUnit,B_Opt_SolarCapex130,GLOBAL,PWRBIOLKAXX,,,,,,,,,,31.536
CapacityToActivityUnit,B_Opt_SolarCapex130,GLOBAL,PWRBIONPLXX,,,,,,,,,,31.536
CapacityToActivityUnit,B_Opt_SolarCapex130,GLOBAL,PWRCCSBGDXX,,,,,,,,,,31.536
CapacityToActivityUnit,B_Opt_SolarCapex130,GLOBAL,PWRCCSINDEA,,,,,,,,,,31.536
CapacityToActivityUnit,B_Opt_SolarCapex130,GLOBAL,PWRCCSINDNE,,,,,,,,,,31.536
CapacityToActivityUnit,B_Opt_SolarCapex130,GLOBAL,PWRCCSINDNO,,,,,,,,,,31.536
CapacityToActivityUnit,B_Opt_SolarCapex130,GLOBAL,PWRCCSINDSO,,,,,,,,,,31.536
CapacityToActivityUnit,B_Opt_SolarCapex130,GLOBAL,PWRCCSINDWE,,,,,,,,,,31.536
CapacityToActivityUnit,B_Opt_SolarCapex130,GLOBAL,PWRCOABGDXX,,,,,,,,,,31.536
CapacityToActivityUnit,B_Opt_SolarCapex130,GLOBAL,PWRCOAINDEA,,,,,,,,,,31.536
CapacityToActivityUnit,B_Opt_SolarCapex130,GLOBAL,PWRCOAINDNE,,,,,,,,,,31.536
CapacityToActivityUnit,B_Opt_SolarCapex130,GLOBAL,PWRCOAINDNO,,,,,,,,,,31.536
CapacityToActivityUnit,B_Opt_SolarCapex130,GLOBAL,PWRCOAINDSO,,,,,,,,,,31.536
CapacityToActivityUnit,B_Opt_SolarCapex130,GLOBAL,PWRCOAINDWE,,,,,,,,,,31.536
CapacityToActivityUnit,B_Opt_SolarCapex130,GLOBAL,PWRCOALKAXX,,,,,,,,,,31.536
CapacityToActivityUnit,B_Opt_SolarCapex130,GLOBAL,PWRCOGBGDXX,,,,,,,,,,31.536
CapacityToActivityUnit,B_Opt_SolarCapex130,GLOBAL,PWRCOGINDEA,,,,,,,,,,31.536
CapacityToActivityUnit,B_Opt_SolarCapex130,GLOBAL,PWRCOGINDNE,,,,,,,,,,31.536
CapacityToActivityUnit,B_Opt_SolarCapex130,GLOBAL,PWRCOGINDNO,,,,,,,,,,31.536
CapacityToActivityUnit,B_Opt_SolarCapex130,GLOBAL,PWRCOGINDSO,,,,,,,,,,31.536
CapacityToActivityUnit,B_Opt_SolarCapex130,GLOBAL,PWRCOGINDWE,,,,,,,,,,31.536
CapacityToActivityUnit,B_Opt_SolarCapex130,GLOBAL,PWRCOGLKAXX,,,,,,,,,,31.536
CapacityToActivityUnit,B_Opt_SolarCapex130,GLOBAL,PWRCSPINDEA,,,,,,,,,,31.536
CapacityToActivityUnit,B_Opt_SolarCapex130,GLOBAL,PWRCSPINDNE,,,,,,,,,,31.536
CapacityToActivityUnit,B_Opt_SolarCapex130,GLOBAL,PWRCSPINDNO,,,,,,,,,,31.536
CapacityToActivityUnit,B_Opt_SolarCapex130,GLOBAL,PWRCSPINDSO,,,,,,,,,,31.536
CapacityToActivityUnit,B_Opt_SolarCapex130,GLOBAL,PWRCSPINDWE,,,,,,,,,,31.536
CapacityToActivityUnit,B_Opt_SolarCapex130,GLOBAL,PWRHYDBGDXX,,,,,,,,,,31.536
CapacityToActivityUnit,B_Opt_SolarCapex130,GLOBAL,PWRHYDBTNXX,,,,,,,,,,31.536
CapacityToActivityUnit,B_Opt_SolarCapex130,GLOBAL,PWRHYDINDEA,,,,,,,,,,31.536
CapacityToActivityUnit,B_Opt_SolarCapex130,GLOBAL,PWRHYDINDNE,,,,,,,,,,31.536
CapacityToActivityUnit,B_Opt_SolarCapex130,GLOBAL,PWRHYDINDNO,,,,,,,,,,31.536
CapacityToActivityUnit,B_Opt_SolarCapex130,GLOBAL,PWRHYDINDSO,,,,,,,,,,31.536
CapacityToActivityUnit,B_Opt_SolarCapex130,GLOBAL,PWRHYDINDWE,,,,,,,,,,31.536
CapacityToActivityUnit,B_Opt_SolarCapex130,GLOBAL,PWRHYDLKAXX,,,,,,,,,,31.536
CapacityToActivityUnit,B_Opt_SolarCapex130,GLOBAL,PWRHYDNPLXX,,,,,,,,,,31.536
CapacityToActivityUnit,B_Opt_SolarCapex130,GLOBAL,PWRLDSBGDXX,,,,,,,,,,31.536
CapacityToActivityUnit,B_Opt_SolarCapex130,GLOBAL,PWRLDSBTNXX,,,,,,,,,,31.536
CapacityToActivityUnit,B_Opt_SolarCapex130,GLOBAL,PWRLDSINDEA,,,,,,,,,,31.536
CapacityToActivityUnit,B_Opt_SolarCapex130,GLOBAL,PWRLDSINDNE,,,,,,,,,,31.536
CapacityToActivityUnit,B_Opt_SolarCapex130,GLOBAL,PWRLDSINDNO,,,,,,,,,,31.536
CapacityToActivityUnit,B_Opt_SolarCapex130,GLOBAL,PWRLDSINDSO,,,,,,,,,,31.536
CapacityToActivityUnit,B_Opt_SolarCapex130,GLOBAL,PWRLDSINDWE,,,,,,,,,,31.536
CapacityToActivityUnit,B_Opt_SolarCapex130,GLOBAL,PWRLDSLKAXX,,,,,,,,,,31.536
CapacityToActivityUnit,B_Opt_SolarCapex130,GLOBAL,PWRLDSMDVXX,,,,,,,,,,31.536
CapacityToActivityUnit,B_Opt_SolarCapex130,GLOBAL,PWRLDSNPLXX,,,,,,,,,,31.536
CapacityToActivityUnit,B_Opt_SolarCapex130,GLOBAL,PWRNGSINDEA,,,,,,,,,,31.536
CapacityToActivityUnit,B_Opt_SolarCapex130,GLOBAL,PWRNGSINDNE,,,,,,,,,,31.536
CapacityToActivityUnit,B_Opt_SolarCapex130,GLOBAL,PWRNGSINDNO,,,,,,,,,,31.536
CapacityToActivityUnit,B_Opt_SolarCapex130,GLOBAL,PWRNGSINDSO,,,,,,,,,,31.536
CapacityToActivityUnit,B_Opt_SolarCapex130,GLOBAL,PWRNGSINDWE,,,,,,,,,,31.536
CapacityToActivityUnit,B_Opt_SolarCapex130,GLOBAL,PWRNGSLKAXX,,,,,,,,,,31.536
CapacityToActivityUnit,B_Opt_SolarCapex130,GLOBAL,PWROILBGDXX,,,,,,,,,,31.536
CapacityToActivityUnit,B_Opt_SolarCapex130,GLOBAL,PWROILINDEA,,,,,,,,,,31.536
CapacityToActivityUnit,B_Opt_SolarCapex130,GLOBAL,PWROILINDNE,,,,,,,,,,31.536
CapacityToActivityUnit,B_Opt_SolarCapex130,GLOBAL,PWROILINDNO,,,,,,,,,,31.536
CapacityToActivityUnit,B_Opt_SolarCapex130,GLOBAL,PWROILINDSO,,,,,,,,,,31.536
CapacityToActivityUnit,B_Opt_SolarCapex130,GLOBAL,PWROILINDWE,,,,,,,,,,31.536
CapacityToActivityUnit,B_Opt_SolarCapex130,GLOBAL,PWROILLKAXX,,,,,,,,,,31.536
CapacityToActivityUnit,B_Opt_SolarCapex130,GLOBAL,PWROTHBGDXX,,,,,,,,,,31.536
CapacityToActivityUnit,B_Opt_SolarCapex130,GLOBAL,PWROTHBTNXX,,,,,,,,,,31.536
CapacityToActivityUnit,B_Opt_SolarCapex130,GLOBAL,PWROTHINDEA,,,,,,,,,,31.536
CapacityToActivityUnit,B_Opt_SolarCapex130,GLOBAL,PWROTHINDNE,,,,,,,,,,31.536
CapacityToActivityUnit,B_Opt_SolarCapex130,GLOBAL,PWROTHINDNO,,,,,,,,,,31.536
CapacityToActivityUnit,B_Opt_SolarCapex130,GLOBAL,PWROTHINDSO,,,,,,,,,,31.536
CapacityToActivityUnit,B_Opt_SolarCapex130,GLOBAL,PWROTHINDWE,,,,,,,,,,31.536
CapacityToActivityUnit,B_Opt_SolarCapex130,GLOBAL,PWROTHLKAXX,,,,,,,,,,31.536
CapacityToActivityUnit,B_Opt_SolarCapex130,GLOBAL,PWROTHMDVXX,,,,,,,,,,31.536
CapacityToActivityUnit,B_Opt_SolarCapex130,GLOBAL,PWROTHNPLXX,,,,,,,,,,31.536
CapacityToActivityUnit,B_Opt_SolarCapex130,GLOBAL,PWRPETBGDXX,,,,,,,,,,31.536
CapacityToActivityUnit,B_Opt_SolarCapex130,GLOBAL,PWRPETBTNXX,,,,,,,,,,31.536
CapacityToActivityUnit,B_Opt_SolarCapex130,GLOBAL,PWRPETINDEA,,,,,,,,,,31.536
CapacityToActivityUnit,B_Opt_SolarCapex130,GLOBAL,PWRPETINDNE,,,,,,,,,,31.536
CapacityToActivityUnit,B_Opt_SolarCapex130,GLOBAL,PWRPETINDNO,,,,,,,,,,31.536
CapacityToActivityUnit,B_Opt_SolarCapex130,GLOBAL,PWRPETINDSO,,,,,,,,,,31.536
CapacityToActivityUnit,B_Opt_SolarCapex130,GLOBAL,PWRPETINDWE,,,,,,,,,,31.536
CapacityToActivityUnit,B_Opt_SolarCapex130,GLOBAL,PWRPETLKAXX,,,,,,,,,,31.536
CapacityToActivityUnit,B_Opt_SolarCapex130,GLOBAL,PWRPETMDVXX,,,,,,,,,,31.536
CapacityToActivityUnit,B_Opt_SolarCapex130,GLOBAL,PWRPETNPLXX,,,,,,,,,,31.536
CapacityToActivityUnit,B_Opt_SolarCapex130,GLOBAL,PWRSDSBGDXX,,,,,,,,,,31.536
CapacityToActivityUnit,B_Opt_SolarCapex130,GLOBAL,PWRSDSBTNXX,,,,,,,,,,31.536
CapacityToActivityUnit,B_Opt_SolarCapex130,GLOBAL,PWRSDSINDEA,,,,,,,,,,31.536
CapacityToActivityUnit,B_Opt_SolarCapex130,GLOBAL,PWRSDSINDNE,,,,,,,,,,31.536
CapacityToActivityUnit,B_Opt_SolarCapex130,GLOBAL,PWRSDSINDNO,,,,,,,,,,31.536
CapacityToActivityUnit,B_Opt_SolarCapex130,GLOBAL,PWRSDSINDSO,,,,,,,,,,31.536
CapacityToActivityUnit,B_Opt_SolarCapex130,GLOBAL,PWRSDSINDWE,,,,,,,,,,31.536
CapacityToActivityUnit,B_Opt_SolarCapex130,GLOBAL,PWRSDSLKAXX,,,,,,,,,,31.536
CapacityToActivityUnit,B_Opt_SolarCapex130,GLOBAL,PWRSDSMDVXX,,,,,,,,,,31.536
CapacityToActivityUnit,B_Opt_SolarCapex130,GLOBAL,PWRSDSNPLXX,,,,,,,,,,31.536
CapacityToActivityUnit,B_Opt_SolarCapex130,GLOBAL,PWRSPVBGDXX,,,,,,,,,,31.536
CapacityToActivityUnit,B_Opt_SolarCapex130,GLOBAL,PWRSPVBTNXX,,,,,,,,,,31.536
CapacityToActivityUnit,B_Opt_SolarCapex130,GLOBAL,PWRSPVINDEA,,,,,,,,,,31.536
CapacityToActivityUnit,B_Opt_SolarCapex130,GLOBAL,PWRSPVINDNE,,,,,,,,,,31.536
CapacityToActivityUnit,B_Opt_SolarCapex130,GLOBAL,PWRSPVINDNO,,,,,,,,,,31.536
CapacityToActivityUnit,B_Opt_SolarCapex130,GLOBAL,PWRSPVINDSO,,,,,,,,,,31.536
CapacityToActivityUnit,B_Opt_SolarCapex130,GLOBAL,PWRSPVINDWE,,,,,,,,,,31.536
CapacityToActivityUnit,B_Opt_SolarCapex130,GLOBAL,PWRSPVLKAXX,,,,,,,,,,31.536
CapacityToActivityUnit,B_Opt_SolarCapex130,GLOBAL,PWRSPVMDVXX,,,,,,,,,,31.536
CapacityToActivityUnit,B_Opt_SolarCapex130,GLOBAL,PWRSPVNPLXX,,,,,,,,,,31.536
CapacityToActivityUnit,B_Opt_SolarCapex130,GLOBAL,PWRTRNBGDXX,,,,,,,,,,31.536
CapacityToActivityUnit,B_Opt_SolarCapex130,GLOBAL,PWRTRNBTNXX,,,,,,,,,,31.536
CapacityToActivityUnit,B_Opt_SolarCapex130,GLOBAL,PWRTRNINDEA,,,,,,,,,,31.536
CapacityToActivityUnit,B_Opt_SolarCapex130,GLOBAL,PWRTRNINDNE,,,,,,,,,,31.536
CapacityToActivityUnit,B_Opt_SolarCapex130,GLOBAL,PWRTRNINDNO,,,,,,,,,,31.536
CapacityToActivityUnit,B_Opt_SolarCapex130,GLOBAL,PWRTRNINDSO,,,,,,,,,,31.536
CapacityToActivityUnit,B_Opt_SolarCapex130,GLOBAL,PWRTRNINDWE,,,,,,,,,,31.536
CapacityToActivityUnit,B_Opt_SolarCapex130,GLOBAL,PWRTRNLKAXX,,,,,,,,,,31.536
CapacityToActivityUnit,B_Opt_SolarCapex130,GLOBAL,PWRTRNMDVXX,,,,,,,,,,31.536
CapacityToActivityUnit,B_Opt_SolarCapex130,GLOBAL,PWRTRNNPLXX,,,,,,,,,,31.536
CapacityToActivityUnit,B_Opt_SolarCapex130,GLOBAL,PWRURNBGDXX,,,,,,,,,,31.536
CapacityToActivityUnit,B_Opt_SolarCapex130,GLOBAL,PWRURNINDEA,,,,,,,,,,31.536
CapacityToActivityUnit,B_Opt_SolarCapex130,GLOBAL,PWRURNINDNE,,,,,,,,,,31.536
CapacityToActivityUnit,B_Opt_SolarCapex130,GLOBAL,PWRURNINDNO,,,,,,,,,,31.536
CapacityToActivityUnit,B_Opt_SolarCapex130,GLOBAL,PWRURNINDSO,,,,,,,,,,31.536
CapacityToActivityUnit,B_Opt_SolarCapex130,GLOBAL,PWRURNINDWE,,,,,,,,,,31.536
CapacityToActivityUnit,B_Opt_SolarCapex130,GLOBAL,PWRWASBGDXX,,,,,,,,,,31.536
CapacityToActivityUnit,B_Opt_SolarCapex130,GLOBAL,PWRWASINDEA,,,,,,,,,,31.536
CapacityToActivityUnit,B_Opt_SolarCapex130,GLOBAL,PWRWASINDNE,,,,,,,,,,31.536
CapacityToActivityUnit,B_Opt_SolarCapex130,GLOBAL,PWRWASINDNO,,,,,,,,,,31.536
CapacityToActivityUnit,B_Opt_SolarCapex130,GLOBAL,PWRWASINDSO,,,,,,,,,,31.536
CapacityToActivityUnit,B_Opt_SolarCapex130,GLOBAL,PWRWASINDWE,,,,,,,,,,31.536
CapacityToActivityUnit,B_Opt_SolarCapex130,GLOBAL,PWRWASLKAXX,,,,,,,,,,31.536
CapacityToActivityUnit,B_Opt_SolarCapex130,GLOBAL,PWRWASNPLXX,,,,,,,,,,31.536
CapacityToActivityUnit,B_Opt_SolarCapex130,GLOBAL,PWRWOFBGDXX,,,,,,,,,,31.536
CapacityToActivityUnit,B_Opt_SolarCapex130,GLOBAL,PWRWOFINDEA,,,,,,,,,,31.536
CapacityToActivityUnit,B_Opt_SolarCapex130,GLOBAL,PWRWOFINDNE,,,,,,,,,,31.536
CapacityToActivityUnit,B_Opt_SolarCapex130,GLOBAL,PWRWOFINDNO,,,,,,,,,,31.536
CapacityToActivityUnit,B_Opt_SolarCapex130,GLOBAL,PWRWOFINDSO,,,,,,,,,,31.536
CapacityToActivityUnit,B_Opt_SolarCapex130,GLOBAL,PWRWOFINDWE,,,,,,,,,,31.536
CapacityToActivityUnit,B_Opt_SolarCapex130,GLOBAL,PWRWOFLKAXX,,,,,,,,,,31.536
CapacityToActivityUnit,B_Opt_SolarCapex130,GLOBAL,PWRWONBGDXX,,,,,,,,,,31.536
CapacityToActivityUnit,B_Opt_SolarCapex130,GLOBAL,PWRWONBTNXX,,,,,,,,,,31.536
CapacityToActivityUnit,B_Opt_SolarCapex130,GLOBAL,PWRWONINDEA,,,,,,,,,,31.536
CapacityToActivityUnit,B_Opt_SolarCapex130,GLOBAL,PWRWONINDNE,,,,,,,,,,31.536
CapacityToActivityUnit,B_Opt_SolarCapex130,GLOBAL,PWRWONINDNO,,,,,,,,,,31.536
CapacityToActivityUnit,B_Opt_SolarCapex130,GLOBAL,PWRWONINDSO,,,,,,,,,,31.536
CapacityToActivityUnit,B_Opt_SolarCapex130,GLOBAL,PWRWONINDWE,,,,,,,,,,31.536
CapacityToActivityUnit,B_Opt_SolarCapex130,GLOBAL,PWRWONLKAXX,,,,,,,,,,31.536
CapacityToActivityUnit,B_Opt_SolarCapex130,GLOBAL,PWRWONNPLXX,,,,,,,,,,31.536
CapacityToActivityUnit,B_Opt_SolarCapex130,GLOBAL,TRNBGDXXINDEA,,,,,,,,,,31.536
CapacityToActivityUnit,B_Opt_SolarCapex130,GLOBAL,TRNBGDXXINDNE,,,,,,,,,,31.536
CapacityToActivityUnit,B_Opt_SolarCapex130,GLOBAL,TRNBTNXXINDEA,,,,,,,,,,31.536
CapacityToActivityUnit,B_Opt_SolarCapex130,GLOBAL,TRNINDEAINDNE,,,,,,,,,,31.536
CapacityToActivityUnit,B_Opt_SolarCapex130,GLOBAL,TRNINDEAINDNO,,,,,,,,,,31.536
CapacityToActivityUnit,B_Opt_SolarCapex130,GLOBAL,TRNINDEAINDSO,,,,,,,,,,31.536
CapacityToActivityUnit,B_Opt_SolarCapex130,GLOBAL,TRNINDEAINDWE,,,,,,,,,,31.536
CapacityToActivityUnit,B_Opt_SolarCapex130,GLOBAL,TRNINDEANPLXX,,,,,,,,,,31.536
CapacityToActivityUnit,B_Opt_SolarCapex130,GLOBAL,TRNINDNEINDNO,,,,,,,,,,31.536
CapacityToActivityUnit,B_Opt_SolarCapex130,GLOBAL,TRNINDNOINDWE,,,,,,,,,,31.536
CapacityToActivityUnit,B_Opt_SolarCapex130,GLOBAL,TRNINDNONPLXX,,,,,,,,,,31.536
CapacityToActivityUnit,B_Opt_SolarCapex130,GLOBAL,TRNINDSOINDWE,,,,,,,,,,31.536
CapacityToActivityUnit,B_Opt_SolarCapex130,GLOBAL,TRNINDSOLKAXX,,,,,,,,,,31.536
CapacityToActivityUnit,B_Opt_SolarCapex130,GLOBAL,TRNLKAXXMDVXX,,,,,,,,,,31.536
CapacityToActivityUnit,B_Opt_SolarCapex130,GLOBAL,RNWTRNBGDXX,,,,,,,,,,31.536
CapacityToActivityUnit,B_Opt_SolarCapex130,GLOBAL,RNWRPOBGDXX,,,,,,,,,,31.536
CapacityToActivityUnit,B_Opt_SolarCapex130,GLOBAL,RNWNLIBGDXX,,,,,,,,,,31.536
CapacityToActivityUnit,B_Opt_SolarCapex130,GLOBAL,TRNRPOBGDXX,,,,,,,,,,31.536
CapacityToActivityUnit,B_Opt_SolarCapex130,GLOBAL,TRNNLIBGDXX,,,,,,,,,,31.536
CapacityToActivityUnit,B_Opt_SolarCapex130,GLOBAL,DSPTRNBGDXX,,,,,,,,,,31.536
CapacityToActivityUnit,B_Opt_SolarCapex130,GLOBAL,RNWTRNBTNXX,,,,,,,,,,31.536
CapacityToActivityUnit,B_Opt_SolarCapex130,GLOBAL,RNWRPOBTNXX,,,,,,,,,,31.536
CapacityToActivityUnit,B_Opt_SolarCapex130,GLOBAL,RNWNLIBTNXX,,,,,,,,,,31.536
CapacityToActivityUnit,B_Opt_SolarCapex130,GLOBAL,TRNRPOBTNXX,,,,,,,,,,31.536
CapacityToActivityUnit,B_Opt_SolarCapex130,GLOBAL,TRNNLIBTNXX,,,,,,,,,,31.536
CapacityToActivityUnit,B_Opt_SolarCapex130,GLOBAL,DSPTRNBTNXX,,,,,,,,,,31.536
CapacityToActivityUnit,B_Opt_SolarCapex130,GLOBAL,RNWTRNINDEA,,,,,,,,,,31.536
CapacityToActivityUnit,B_Opt_SolarCapex130,GLOBAL,RNWRPOINDEA,,,,,,,,,,31.536
CapacityToActivityUnit,B_Opt_SolarCapex130,GLOBAL,RNWNLIINDEA,,,,,,,,,,31.536
CapacityToActivityUnit,B_Opt_SolarCapex130,GLOBAL,TRNRPOINDEA,,,,,,,,,,31.536
CapacityToActivityUnit,B_Opt_SolarCapex130,GLOBAL,TRNNLIINDEA,,,,,,,,,,31.536
CapacityToActivityUnit,B_Opt_SolarCapex130,GLOBAL,DSPTRNINDEA,,,,,,,,,,31.536
CapacityToActivityUnit,B_Opt_SolarCapex130,GLOBAL,RNWTRNINDNE,,,,,,,,,,31.536
CapacityToActivityUnit,B_Opt_SolarCapex130,GLOBAL,RNWRPOINDNE,,,,,,,,,,31.536
CapacityToActivityUnit,B_Opt_SolarCapex130,GLOBAL,RNWNLIINDNE,,,,,,,,,,31.536
CapacityToActivityUnit,B_Opt_SolarCapex130,GLOBAL,TRNRPOINDNE,,,,,,,,,,31.536
CapacityToActivityUnit,B_Opt_SolarCapex130,GLOBAL,TRNNLIINDNE,,,,,,,,,,31.536
CapacityToActivityUnit,B_Opt_SolarCapex130,GLOBAL,DSPTRNINDNE,,,,,,,,,,31.536
CapacityToActivityUnit,B_Opt_SolarCapex130,GLOBAL,RNWTRNINDNO,,,,,,,,,,31.536
CapacityToActivityUnit,B_Opt_SolarCapex130,GLOBAL,RNWRPOINDNO,,,,,,,,,,31.536
CapacityToActivityUnit,B_Opt_SolarCapex130,GLOBAL,RNWNLIINDNO,,,,,,,,,,31.536
CapacityToActivityUnit,B_Opt_SolarCapex130,GLOBAL,TRNRPOINDNO,,,,,,,,,,31.536
CapacityToActivityUnit,B_Opt_SolarCapex130,GLOBAL,TRNNLIINDNO,,,,,,,,,,31.536
CapacityToActivityUnit,B_Opt_SolarCapex130,GLOBAL,DSPTRNINDNO,,,,,,,,,,31.536
CapacityToActivityUnit,B_Opt_SolarCapex130,GLOBAL,RNWTRNINDSO,,,,,,,,,,31.536
CapacityToActivityUnit,B_Opt_SolarCapex130,GLOBAL,RNWRPOINDSO,,,,,,,,,,31.536
CapacityToActivityUnit,B_Opt_SolarCapex130,GLOBAL,RNWNLIINDSO,,,,,,,,,,31.536
CapacityToActivityUnit,B_Opt_SolarCapex130,GLOBAL,TRNRPOINDSO,,,,,,,,,,31.536
CapacityToActivityUnit,B_Opt_SolarCapex130,GLOBAL,TRNNLIINDSO,,,,,,,,,,31.536
CapacityToActivityUnit,B_Opt_SolarCapex130,GLOBAL,DSPTRNINDSO,,,,,,,,,,31.536
CapacityToActivityUnit,B_Opt_SolarCapex130,GLOBAL,RNWTRNINDWE,,,,,,,,,,31.536
CapacityToActivityUnit,B_Opt_SolarCapex130,GLOBAL,RNWRPOINDWE,,,,,,,,,,31.536
CapacityToActivityUnit,B_Opt_SolarCapex130,GLOBAL,RNWNLIINDWE,,,,,,,,,,31.536
CapacityToActivityUnit,B_Opt_SolarCapex130,GLOBAL,TRNRPOINDWE,,,,,,,,,,31.536
CapacityToActivityUnit,B_Opt_SolarCapex130,GLOBAL,TRNNLIINDWE,,,,,,,,,,31.536
CapacityToActivityUnit,B_Opt_SolarCapex130,GLOBAL,DSPTRNINDWE,,,,,,,,,,31.536
CapacityToActivityUnit,B_Opt_SolarCapex130,GLOBAL,RNWTRNNPLXX,,,,,,,,,,31.536
CapacityToActivityUnit,B_Opt_SolarCapex130,GLOBAL,RNWRPONPLXX,,,,,,,,,,31.536
CapacityToActivityUnit,B_Opt_SolarCapex130,GLOBAL,RNWNLINPLXX,,,,,,,,,,31.536
CapacityToActivityUnit,B_Opt_SolarCapex130,GLOBAL,TRNRPONPLXX,,,,,,,,,,31.536
CapacityToActivityUnit,B_Opt_SolarCapex130,GLOBAL,TRNNLINPLXX,,,,,,,,,,31.536
CapacityToActivityUnit,B_Opt_SolarCapex130,GLOBAL,DSPTRNNPLXX,,,,,,,,,,31.536
CapacityToActivityUnit,B_Opt_SolarCapex130,GLOBAL,RNWTRNLKAXX,,,,,,,,,,31.536
CapacityToActivityUnit,B_Opt_SolarCapex130,GLOBAL,RNWRPOLKAXX,,,,,,,,,,31.536
CapacityToActivityUnit,B_Opt_SolarCapex130,GLOBAL,RNWNLILKAXX,,,,,,,,,,31.536
CapacityToActivityUnit,B_Opt_SolarCapex130,GLOBAL,TRNRPOLKAXX,,,,,,,,,,31.536
CapacityToActivityUnit,B_Opt_SolarCapex130,GLOBAL,TRNNLILKAXX,,,,,,,,,,31.536
CapacityToActivityUnit,B_Opt_SolarCapex130,GLOBAL,DSPTRNLKAXX,,,,,,,,,,31.536
CapacityToActivityUnit,B_Opt_SolarCapex130,GLOBAL,RNWTRNMDVXX,,,,,,,,,,31.536
CapacityToActivityUnit,B_Opt_SolarCapex130,GLOBAL,RNWRPOMDVXX,,,,,,,,,,31.536
CapacityToActivityUnit,B_Opt_SolarCapex130,GLOBAL,RNWNLIMDVXX,,,,,,,,,,31.536
CapacityToActivityUnit,B_Opt_SolarCapex130,GLOBAL,TRNRPOMDVXX,,,,,,,,,,31.536
CapacityToActivityUnit,B_Opt_SolarCapex130,GLOBAL,TRNNLIMDVXX,,,,,,,,,,31.536
CapacityToActivityUnit,B_Opt_SolarCapex130,GLOBAL,DSPTRNMDVXX,,,,,,,,,,31.536
CapacityToActivityUnit,B_Opt_SolarCapex130,GLOBAL,PWRGEOINDNO,,,,,,,,,,31.536
CapacityToActivityUnit,B_Opt_SolarCapex130,GLOBAL,PWRNGSBGDXX,,,,,,,,,,31.536
CapacityToActivityUnit,B_Opt_SolarCapex130,GLOBAL,PWRNGSMDVXX,,,,,,,,,,31.536
CapacityToActivityUnit,B_Opt_SolarCapex130,GLOBAL,PWROILMDVXX,,,,,,,,,,31.536
CapacityToActivityUnit,B_Opt_SolarCapex130,GLOBAL,PWROILNPLXX,,,,,,,,,,31.536
CapacityToActivityUnit,B_Opt_SolarCapex130,GLOBAL,PWRSHPINDEA,,,,,,,,,,31.536
CapacityToActivityUnit,B_Opt_SolarCapex130,GLOBAL,PWRSHPINDNE,,,,,,,,,,31.536
CapacityToActivityUnit,B_Opt_SolarCapex130,GLOBAL,PWRSHPINDNO,,,,,,,,,,31.536
CapacityToActivityUnit,B_Opt_SolarCapex130,GLOBAL,PWRSHPINDSO,,,,,,,,,,31.536
CapacityToActivityUnit,B_Opt_SolarCapex130,GLOBAL,PWRSHPINDWE,,,,,,,,,,31.536
CapacityToActivityUnit,B_Opt_SolarCapex130,GLOBAL,PWRWOFMDVXX,,,,,,,,,,31.536
CapacityToActivityUnit,B_Opt_SolarCapex130,GLOBAL,PWRWONMDVXX,,,,,,,,,,31.536
CapacityToActivityUnit,B_Opt_SolarCapex130,GLOBAL,TRNBTNXXBGDXX,,,,,,,,,,31.536
CapacityToActivityUnit,B_Opt_SolarCapex130,GLOBAL,TRNBTNXXINDNE,,,,,,,,,,31.536
CapacityToActivityUnit,B_Opt_SolarCapex130,GLOBAL,TRNMDVXXINDSO,,,,,,,,,,31.536
CapacityToActivityUnit,B_Opt_SolarCapex130,GLOBAL,TRNNPLXXBGDXX,,,,,,,,,,31.536
